Unnamed: 0,PaperId,PaperTitle,Year,Date,OnlineDate,JournalId,OriginalVenue,CreatedDate,AuthorId,AffiliationId,AuthorSequenceNumber,OriginalAuthor,OriginalAffiliation,Rank,NormalizedName,DisplayName,LastKnownAffiliationId,PaperCount,AuthorCitationCount,CreateDate,None,0.0
0,2033479243,local capture evidence from a central government transfer program in uganda,2004,2004-05-01,,203860005.0,Quarterly Journal of Economics,2016-06-24,2141714218,1334329717.0,2,Jakob Svensson,"Institute for International Economic Studies, Stockholm University, Development Research Group, the World Bank, and CEPR",14031,jakob svensson,Jakob Svensson,161593684.0,112,84,2016-06-24,male,1.0
0,2033479243,local capture evidence from a central government transfer program in uganda,2004,2004-05-01,,203860005.0,Quarterly Journal of Economics,2016-06-24,2244061062,1334329717.0,1,Ritva Reinikka,Development Research Group The World Bank,14813,ritva reinikka,Ritva Reinikka,1334329717.0,56,45,2016-06-24,female,0.98
1,2093882932,an economic model of representative democracy,1997,1997-02-01,1995-01-01,203860005.0,Quarterly Journal of Economics,2016-06-24,523865281,909854389.0,1,Timothy Besley,London  School of Economics,12745,timothy besley,Timothy Besley,909854389.0,459,330,2016-06-24,male,1.0
1,2093882932,an economic model of representative democracy,1997,1997-02-01,1995-01-01,203860005.0,Quarterly Journal of Economics,2016-06-24,650455521,79576946.0,2,Stephen Coate,#N#               * University of Pennsylvania.,13799,stephen coate,Stephen Coate,205783295.0,151,90,2016-06-24,male,1.0
2,2110227841,growth and fluctuations a causal interpretation,1960,1960-08-01,,203860005.0,Quarterly Journal of Economics,2016-06-24,2148915000,95457486.0,1,Dale W. Jorgenson,University of California–Berkeley.,12165,dale w jorgenson,Dale W. Jorgenson,136199984.0,550,484,2016-06-24,male,0.96
3,2133030236,competition and product quality in the supermarket industry,2011,2011-08-01,2011-08-03,203860005.0,Quarterly Journal of Economics,2016-06-24,705441087,111979921.0,1,David A. Matsa,Northwestern University,15456,david a matsa,David A. Matsa,111979921.0,60,33,2016-06-24,male,1.0
4,2257520161,international liquidity and exchange rate dynamics,2015,2015-08-01,2015-03-18,203860005.0,Quarterly Journal of Economics,2016-06-24,167493679,57206974.0,1,Xavier Gabaix,"New York University, Stern School of Business Harvard University",13738,xavier gabaix,Xavier Gabaix,136199984.0,185,105,2016-06-24,male,1.0
4,2257520161,international liquidity and exchange rate dynamics,2015,2015-08-01,2015-03-18,203860005.0,Quarterly Journal of Economics,2016-06-24,823552993,57206974.0,2,Matteo Maggiori,"New York University, Stern School of Business Harvard University",15880,matteo maggiori,Matteo Maggiori,97018004.0,58,28,2016-06-24,male,1.0
5,3121164381,health insurance eligibility utilization of medical care and child health,1996,1996-05-01,1995-03-01,203860005.0,Quarterly Journal of Economics,2021-02-01,2147979303,1321305853.0,2,Jonathan Gruber,Massachusetts Institute of Technology and National Bureau of Economic Research ,12869,jonathan gruber,Jonathan Gruber,63966007.0,577,308,2016-06-24,male,1.0
5,3121164381,health insurance eligibility utilization of medical care and child health,1996,1996-05-01,1995-03-01,203860005.0,Quarterly Journal of Economics,2021-02-01,2153904071,161318765.0,1,Janet Currie,University of California at Los Angeles and National Bureau of Economic Research,13185,janet currie,Janet Currie,20089843.0,536,321,2016-06-24,female,1.0
6,2030360026,does market experience eliminate market anomalies,2003,2003-02-01,,203860005.0,Quarterly Journal of Economics,2016-06-24,1673549770,66946132.0,1,John A. List,"Univ. of Maryland,#TAB#",12971,john a list,John A. List,40347166.0,833,470,2016-06-24,male,1.0
7,3122744863,nominal wage stickiness and aggregate supply in the great depression,1996,1996-08-01,1996-01-01,203860005.0,Quarterly Journal of Economics,2021-02-01,1455473529,20089843.0,1,Ben S. Bernanke,Princeton University,12152,ben s bernanke,Ben S. Bernanke,115283149.0,719,422,2016-06-24,male,0.99
7,3122744863,nominal wage stickiness and aggregate supply in the great depression,1996,1996-08-01,1996-01-01,203860005.0,Quarterly Journal of Economics,2021-02-01,3019714330,145608581.0,2,Kevin Carey,University of Miami*,16721,kevin carey,Kevin Carey,50186571.0,44,37,2020-05-01,male,1.0
8,1973624080,william benbow and the origin of the general strike,1921,1921-05-01,,203860005.0,Quarterly Journal of Economics,2016-06-24,2744166994,136199984.0,1,Niles Carpenter,"Harvard University , ",20527,niles h carpenter,Niles H. Carpenter,136199984.0,2,2,2017-08-17,male,0.97
9,2287160381,a measurement and evaluation on the container and packaging recycling cost in local governments,2007,2007-01-01,,203860005.0,Quarterly Journal of Economics,2016-06-24,2282329465,,1,松林 李,,21226,松林 李,松林 李,,1,1,2016-06-24,None,0.0
9,2287160381,a measurement and evaluation on the container and packaging recycling cost in local governments,2007,2007-01-01,,203860005.0,Quarterly Journal of Economics,2016-06-24,2683993752,,2,八十五 安田,,21226,八十五 安田,八十五 安田,,1,1,2017-06-30,None,0.0
10,1997677640,reply risk interest rates and the forward exchange,1975,1975-02-01,,203860005.0,Quarterly Journal of Economics,2016-06-24,2144364482,40347166.0,1,Jeremy Siegel,University of Chicago (  ),14783,jeremy j siegel,Jeremy J. Siegel,79576946.0,55,53,2016-06-24,male,1.0
11,2318142506,america s new commercial policy as illustrated by our commercial relations with brazil,1924,1924-02-01,,203860005.0,Quarterly Journal of Economics,2016-06-24,2660275618,,1,W. S. Culbertson,"United States Tariff Commission, Washington",21226,w s culbertson,W. S. Culbertson,,1,1,2017-06-30,male,1.0
12,2315469615,five mill tax on moneys and credits in iowa,1916,1916-05-01,,203860005.0,Quarterly Journal of Economics,2016-06-24,2318655762,173911158.0,1,John E. Brindley,"IOWA STATE COLLEGE, AMES, IOWA.",20533,john e brindley,John E. Brindley,173911158.0,2,2,2016-06-24,male,1.0
13,2041535623,potential pareto optimality of risky projects,1986,1986-08-01,,203860005.0,Quarterly Journal of Economics,2016-06-24,1965834086,,1,Brendan O'Flaherty,,15870,brendan oflaherty,Brendan O'Flaherty,78577930.0,97,84,2016-06-24,male,1.0
14,2068636082,interregional payments reply,1950,1950-08-01,,203860005.0,Quarterly Journal of Economics,2016-06-24,2716567988,27804330.0,1,Penelope C. Hartland,Brown University,19927,penelope hartland,Penelope C. Hartland,27804330.0,2,2,2017-06-30,female,0.99
15,2004033111,private monopolies and public rights,1886,1886-10-01,,203860005.0,Quarterly Journal of Economics,2016-06-24,2721229910,,1,Arthur T. Hadley,,19314,arthur t hadley,Arthur T. Hadley,,5,5,2017-06-30,male,1.0
16,2315348022,comment on tobin rejoinder,1970,1970-05-01,,203860005.0,Quarterly Journal of Economics,2016-06-24,1508821818,,1,James Tobin,,12381,james tobin,James Tobin,32971472.0,320,289,2016-06-24,male,1.0
17,2167051786,identity morals and taboos beliefs as assets,2011,2011-05-01,2016-04-06,203860005.0,Quarterly Journal of Economics,2016-06-24,695037722,17866349.0,2,Jean Tirole,"Princeton University, NBER, CEPR, CIFAR, and IZA Toulouse School of Economics.",11727,jean tirole,Jean Tirole,17866349.0,548,396,2016-06-24,female,0.72
17,2167051786,identity morals and taboos beliefs as assets,2011,2011-05-01,2016-04-06,203860005.0,Quarterly Journal of Economics,2016-06-24,2275667347,17866349.0,1,Roland Bénabou,"Princeton University, NBER, CEPR, CIFAR, and IZA Toulouse School of Economics.",13472,roland benabou,Roland Bénabou,20089843.0,134,75,2016-06-24,male,1.0
18,2023952229,the stabilization doctrines of carl snyder,1935,1935-08-01,,203860005.0,Quarterly Journal of Economics,2016-06-24,2670582288,205783295.0,1,Harold L. Reed,cornell University,20533,harold l reed,Harold L. Reed,205783295.0,2,2,2017-06-30,male,1.0
19,2112496919,on the cost of adjustment,1971,1971-11-01,,203860005.0,Quarterly Journal of Economics,2016-06-24,2102201377,136199984.0,1,Michael Rothschild,"Harvard University , ",12645,michael rothschild,Michael Rothschild,135310074.0,105,83,2016-06-24,male,1.0
20,2071842832,the tariff 1929 30,1930,1930-02-01,,203860005.0,Quarterly Journal of Economics,2016-06-24,2093135111,136199984.0,1,F. W. Taussig,"Harvard University , ",15950,f w taussig,Frank William Taussig,136199984.0,54,54,2016-06-24,None,0.0
21,2057912292,the present period of income tax activity in the american states,1909,1909-02-01,,203860005.0,Quarterly Journal of Economics,2016-06-24,2679590915,,1,Delos O. Kinsman,,21101,delos o kinsman,Delos O. Kinsman,,1,1,2017-06-30,male,0.97
22,1999345262,schumpeter and underdeveloped countries comment,1963,1963-11-01,,203860005.0,Quarterly Journal of Economics,2016-06-24,2642880373,4498119.0,1,Richard C. Wiles,CONNECTICUT COLLEGE,21120,richard c wiles,Richard C. Wiles,4498119.0,1,1,2017-06-30,male,1.0
23,2110878382,short run efficiency and the organization of the electric power industry,1962,1962-12-01,,203860005.0,Quarterly Journal of Economics,2016-06-24,2522699798,100538780.0,1,William R. Hughes, Wesleyan University.,21166,william r hughes,William R. Hughes,100538780.0,1,1,2016-09-30,male,1.0
24,2133721118,growth strategies in semi industrial countries,1970,1970-02-01,,203860005.0,Quarterly Journal of Economics,2016-06-24,2608176085,145311948.0,1,Bela Balassa,Johns Hopkins University,12943,bela balassa,Bela Balassa,145311948.0,229,193,2017-05-05,female,0.66
25,2005671329,preobrazhenski and the economics of soviet industrialization,1950,1950-02-01,,203860005.0,Quarterly Journal of Economics,2016-06-24,2984892466,136199984.0,1,Alexander Erlich,Harvard University Russian Research Center ,19150,alexander erlich,Alexander Erlich,136199984.0,1,1,2019-11-22,male,1.0
26,1980302817,culbertson on interest structure comment,1958,1958-11-01,,203860005.0,Quarterly Journal of Economics,2016-06-24,2273851109,32971472.0,1,L. S. Wehrle,Yale University,21226,l s wehrle,L. S. Wehrle,32971472.0,1,1,2016-06-24,None,0.0
27,2318349921,the erosion of marshall s theory of value comment,1960,1960-11-01,,203860005.0,Quarterly Journal of Economics,2016-06-24,2136383201,241749.0,1,D. H. Robertson,"Trinity College,Cambridge",15458,d h robertson,D. H. Robertson,241749.0,29,29,2016-06-24,male,1.0
28,2093600336,monopoly power and price rigidities,1936,1936-05-01,,203860005.0,Quarterly Journal of Economics,2016-06-24,2097049076,136199984.0,1,J. K. Galbraith,"Harvard University , ",14083,john kenneth galbraith,John Kenneth Galbraith,136199984.0,270,270,2016-06-24,female,0.67
29,2031513199,the rationality of official intervention in the forward exchange market further comment,1965,1965-02-01,,203860005.0,Quarterly Journal of Economics,2016-06-24,2579472568,1174212.0,1,Richard Ward,University  of Southern California,20128,richard a ward,Richard A. Ward,1174212.0,3,3,2017-01-26,male,1.0
30,2066048693,aspects of r d subsidization,1989,1989-11-01,,203860005.0,Quarterly Journal of Economics,2016-06-24,2098214589,33213144.0,1,Richard E. Romano,University of Florida,14991,richard romano,Richard Romano,33213144.0,78,56,2016-06-24,male,1.0
31,1965273326,classical loanable fund and keynesian interest theories,1951,1951-08-01,,203860005.0,Quarterly Journal of Economics,2016-06-24,2626122167,136199984.0,1,Alvin H. Hansen,"Harvard University , ",19747,alvin h hansen,Alvin H. Hansen,136199984.0,3,3,2017-06-23,male,1.0
32,2064356631,double taxation of mortgaged real estate,1890,1890-04-01,,203860005.0,Quarterly Journal of Economics,2016-06-24,2314130906,,1,Nathan Matthews,,21226,nathan matthews,Nathan Matthews,,1,1,2016-06-24,male,1.0
33,2050283977,the australian tariff experiment,1888,1888-10-01,,203860005.0,Quarterly Journal of Economics,2016-06-24,2496358872,,1,Fred. Perry Powers,,19840,fred perry powers,Fred. Perry Powers,,4,4,2016-08-23,None,0.0
34,2143840669,profit sharing and the role of professional partnerships,2005,2005-02-01,,203860005.0,Quarterly Journal of Economics,2016-06-24,2241841031,97018004.0,2,Steven Tadelis,Stanford University (),14381,steven tadelis,Steven Tadelis,95457486.0,110,59,2016-06-24,male,1.0
34,2143840669,profit sharing and the role of professional partnerships,2005,2005-02-01,,203860005.0,Quarterly Journal of Economics,2016-06-24,2526172747,97018004.0,1,Jonathan Levin,Stanford University (),14416,jonathan levin,Jonathan Levin,97018004.0,153,93,2016-10-07,male,1.0
35,2164831243,a test of the theory of exhaustible resources,1991,1991-02-01,,203860005.0,Quarterly Journal of Economics,2016-06-24,2579865081,201448701.0,1,Robert Halvorsen,University of Washington ;,15423,robert halvorsen,Robert Halvorsen,201448701.0,24,21,2017-01-26,male,1.0
35,2164831243,a test of the theory of exhaustible resources,1991,1991-02-01,,203860005.0,Quarterly Journal of Economics,2016-06-24,2681006739,84318336.0,2,Tim R. Smith,Federal Reserve Bank of Kansas City#TAB#,17594,tim r smith,Tim R. Smith,84318336.0,8,6,2017-06-30,male,1.0
36,2091348235,tastes trade and the comparison of structural interdependence,1970,1970-05-01,,203860005.0,Quarterly Journal of Economics,2016-06-24,2475982327,197251160.0,1,Ephraim Kleiman,"Hebrew University, Jerusalem University of Pennsylvania",15733,ephraim kleiman,Ephraim Kleiman,197251160.0,28,27,2016-08-23,male,1.0
37,2085035640,professor lutz and the structure of interest rates,1959,1959-02-01,,203860005.0,Quarterly Journal of Economics,2016-06-24,2010918735,173911158.0,1,Dudley G. Luckett,"Iowa State College , ",17772,dudley g luckett,Dudley G. Luckett,173911158.0,9,9,2016-06-24,male,1.0
38,2335433514,national income 1929 32,1935,1935-05-01,,203860005.0,Quarterly Journal of Economics,2016-06-24,2590919781,,1,W. L. Crum,,20470,w l crum,W. L. Crum,,1,1,2017-03-03,male,1.0
40,2164815269,the classification of public revenues,1893,1893-04-01,,203860005.0,Quarterly Journal of Economics,2016-06-24,2282270308,78577930.0,1,Edwin Robert Anderson Seligman,"Columbia College, New York",15107,edwin r a seligman,Edwin R. A. Seligman,78577930.0,127,125,2016-06-24,male,1.0
41,2049572708,the production function for australian manufacturing,1941,1941-11-01,,203860005.0,Quarterly Journal of Economics,2016-06-24,2096106172,40347166.0,2,Paul H. Douglas,University of Chicago (  ),14708,paul h douglas,Paul H. Douglas,40347166.0,115,115,2016-06-24,male,1.0
41,2049572708,the production function for australian manufacturing,1941,1941-11-01,,203860005.0,Quarterly Journal of Economics,2016-06-24,2157524305,40347166.0,1,Grace T. Gunn,University of Chicago (  ),17334,grace t gunn,Grace T. Gunn,40347166.0,3,3,2016-06-24,female,1.0
42,2151213359,learning by drilling interfirm learning and relationship persistence in the texas oilpatch,2011,2011-11-01,2008-01-09,203860005.0,Quarterly Journal of Economics,2016-06-24,2331023589,1321305853.0,1,Ryan M Kellogg,"Department of Economics, University of Michigan, and National Bureau of Economic Research",16173,ryan kellogg,Ryan Kellogg,40347166.0,64,33,2016-06-24,male,1.0
43,2033615651,incentives and the de soto effect,2012,2012-02-01,2012-01-12,203860005.0,Quarterly Journal of Economics,2016-06-24,523865281,109736498.0,1,Timothy J. Besley,London School of Economics and Canadian Institute for Advanced Research,12745,timothy besley,Timothy Besley,909854389.0,459,330,2016-06-24,male,1.0
43,2033615651,incentives and the de soto effect,2012,2012-02-01,2012-01-12,203860005.0,Quarterly Journal of Economics,2016-06-24,1780997049,909854389.0,3,Maitreesh Ghatak,London  School of Economics,14542,maitreesh ghatak,Maitreesh Ghatak,909854389.0,180,127,2016-06-24,None,0.0
43,2033615651,incentives and the de soto effect,2012,2012-02-01,2012-01-12,203860005.0,Quarterly Journal of Economics,2016-06-24,2224953677,,2,Konrad B. Burchardi,Institute for International Economic Studies,17241,konrad b burchardi,Konrad B. Burchardi,161593684.0,28,15,2016-06-24,male,1.0
44,2076223105,export performance and export import linkage requirements,1986,1986-08-01,,203860005.0,Quarterly Journal of Economics,2016-06-24,2167363193,2613432.0,2,Christopher R. Thomas,University of South Florida,17753,christopher r thomas,Christopher R. Thomas,2613432.0,19,18,2016-06-24,male,1.0
44,2076223105,export performance and export import linkage requirements,1986,1986-08-01,,203860005.0,Quarterly Journal of Economics,2016-06-24,2285975839,2613432.0,1,Mark G. Herander,University of South Florida,17251,mark g herander,Mark G. Herander,2613432.0,17,17,2016-06-24,male,1.0
45,1983324501,re examination of the speculative demand for money comment,1959,1959-11-01,,203860005.0,Quarterly Journal of Economics,2016-06-24,2506983867,219193219.0,1,George Horwich,PURDUE UNIVERSITY.,19239,george horwich,George Horwich,219193219.0,5,5,2016-08-23,male,1.0
47,2081968586,a division among theorists in their analysis of profits,1919,1919-11-01,,203860005.0,Quarterly Journal of Economics,2016-06-24,2686363492,63135867.0,1,C. J. Foreman,University of Cincinnati**,21226,c j foreman,C. J. Foreman,63135867.0,1,1,2017-06-30,female,1.0
48,1981796196,partial elasticity of demand,1926,1926-05-01,,203860005.0,Quarterly Journal of Economics,2016-06-24,2578231187,78577930.0,1,Henry Ludwell Moore,Columbia University ,16424,henry ludwell moore,Henry Ludwell Moore,78577930.0,13,13,2017-01-26,male,1.0
49,2017635093,state and regional payments mechanisms,1959,1959-11-01,,203860005.0,Quarterly Journal of Economics,2016-06-24,2667828070,114027177.0,1,James C. Ingram,University of North Carolina,18858,james c ingram,James C. Ingram,114027177.0,2,2,2017-06-30,male,1.0
50,2077151629,the doctrine of rent and the residual claimant theory of wages,1891,1891-07-01,,203860005.0,Quarterly Journal of Economics,2016-06-24,1964868683,,1,Francis A. Walker,,16989,francis amasa walker,Francis Amasa Walker,,33,30,2016-06-24,male,0.94
51,1988020338,the riskless rate of interest and the market price of risk a correction,1978,1978-11-01,,203860005.0,Quarterly Journal of Economics,2016-06-24,2483991502,1313313744.0,1,Alan C. Hess,Securities and Exchange Commission,15709,alan c hess,Alan C. Hess,201448701.0,34,28,2016-08-23,male,1.0
52,2012236934,latin american trade policies in the 1970 s reply,1975,1975-08-01,,203860005.0,Quarterly Journal of Economics,2016-06-24,2635252453,111088046.0,1,Daniel M. Schydlowsky,Boston Univ,20533,daniel m schydlowsky,Daniel M. Schydlowsky,111088046.0,2,2,2017-06-30,male,1.0
53,2129734721,do pharmacists buy bayer informed shoppers and the brand premium,2015,2015-11-01,2015-07-15,203860005.0,Quarterly Journal of Economics,2016-06-24,803871336,97018004.0,3,Matthew Gentzkow,Stanford University,14262,matthew gentzkow,Matthew Gentzkow,97018004.0,139,78,2016-06-24,male,1.0
53,2129734721,do pharmacists buy bayer informed shoppers and the brand premium,2015,2015-11-01,2015-07-15,203860005.0,Quarterly Journal of Economics,2016-06-24,803871336,1321305853.0,3,Matthew Gentzkow,National Bureau of Economic Research,14262,matthew gentzkow,Matthew Gentzkow,97018004.0,139,78,2016-06-24,male,1.0
53,2129734721,do pharmacists buy bayer informed shoppers and the brand premium,2015,2015-11-01,2015-07-15,203860005.0,Quarterly Journal of Economics,2016-06-24,2050484554,40347166.0,2,Jean-Pierre Dubé,The University of Chicago,14830,jeanpierre dube,Jean-Pierre Dubé,40347166.0,119,66,2016-06-24,male,1.0
53,2129734721,do pharmacists buy bayer informed shoppers and the brand premium,2015,2015-11-01,2015-07-15,203860005.0,Quarterly Journal of Economics,2016-06-24,2050484554,1321305853.0,2,Jean-Pierre Dubé,National Bureau of Economic Research,14830,jeanpierre dube,Jean-Pierre Dubé,40347166.0,119,66,2016-06-24,male,1.0
53,2129734721,do pharmacists buy bayer informed shoppers and the brand premium,2015,2015-11-01,2015-07-15,203860005.0,Quarterly Journal of Economics,2016-06-24,2126628856,27804330.0,4,Jesse M. Shapiro,Brown University,14192,jesse m shapiro,Jesse M. Shapiro,1321305853.0,151,75,2016-06-24,male,0.99
53,2129734721,do pharmacists buy bayer informed shoppers and the brand premium,2015,2015-11-01,2015-07-15,203860005.0,Quarterly Journal of Economics,2016-06-24,2126628856,1321305853.0,4,Jesse M. Shapiro,National Bureau of Economic Research,14192,jesse m shapiro,Jesse M. Shapiro,1321305853.0,151,75,2016-06-24,male,0.99
53,2129734721,do pharmacists buy bayer informed shoppers and the brand premium,2015,2015-11-01,2015-07-15,203860005.0,Quarterly Journal of Economics,2016-06-24,2148658177,40347166.0,1,Bart J. Bronnenberg,"Tilburg School of Economics and Management, CentER, and CEPR University of Chicago Booth School of Business and NBER",14881,bart j bronnenberg,Bart J. Bronnenberg,193700539.0,121,91,2016-06-24,male,1.0
54,2130762047,gender discrimination in job ads evidence from china,2013,2013-02-01,2012-11-18,203860005.0,Quarterly Journal of Economics,2016-06-24,2156913141,154570441.0,1,Peter Kuhn,"University of California, Santa Barbara National Bureau of Economic Research Institute for the Study of Labor",14574,peter kuhn,Peter Kuhn,154570441.0,316,246,2016-06-24,male,1.0
54,2130762047,gender discrimination in job ads evidence from china,2013,2013-02-01,2012-11-18,203860005.0,Quarterly Journal of Economics,2016-06-24,2256694962,191208505.0,2,Kailing Shen,[Xiamen University],16929,kailing shen,Kailing Shen,118347636.0,39,17,2016-06-24,female,0.91
55,1964812847,rings and mules in britain reply,1984,1984-05-01,,203860005.0,Quarterly Journal of Economics,2016-06-24,2083553157,136199984.0,1,William Lazonick,"Harvard University , ",14456,william lazonick,William Lazonick,133738476.0,230,192,2016-06-24,male,1.0
56,2014771258,street railway rates with especial reference to differentiation,1911,1911-08-01,,203860005.0,Quarterly Journal of Economics,2016-06-24,2313196914,1300137990.0,1,G. P. Watkins,"Public Service Commission, New York",19320,g p watkins,G. P. Watkins,1300137990.0,2,2,2016-06-24,male,1.0
57,2065735008,an econometric model of the medicare system reply,1973,1973-08-01,,203860005.0,Quarterly Journal of Economics,2016-06-24,2084647615,136199984.0,1,Martin S. Feldstein,"Harvard University , ",12145,martin feldstein,Martin Feldstein,136199984.0,1008,633,2016-06-24,male,1.0
58,2135326593,alternative theories of wage determination and unemployment in ldc s the labor turnover model,1974,1974-05-01,,203860005.0,Quarterly Journal of Economics,2016-06-24,2585687038,32971472.0,1,Joseph E. Stiglitz,Yale University,11028,joseph e stiglitz,Joseph E. Stiglitz,78577930.0,1492,1165,2017-02-10,male,1.0
60,2036031040,the publications of the national monetary commission,1911,1911-05-01,,203860005.0,Quarterly Journal of Economics,2016-06-24,2625668133,2803209242.0,1,Wesley C. Mitchell,University of California,14091,wesley c mitchell,Wesley C. Mitchell,78577930.0,279,198,2017-06-23,male,1.0
61,2054558725,a peculiar eight hour problem,1919,1919-05-01,,203860005.0,Quarterly Journal of Economics,2016-06-24,2600511688,,1,William Z. Ripley,,18848,william z ripley,William Z. Ripley,63966007.0,10,10,2017-04-07,male,1.0
61,2054558725,a peculiar eight hour problem,1919,1919-05-01,,203860005.0,Quarterly Journal of Economics,2016-06-24,2747405786,,4,J. E. Byrnes,,21226,j e byrnes,J. E. Byrnes,,1,1,2017-08-31,female,0.67
61,2054558725,a peculiar eight hour problem,1919,1919-05-01,,203860005.0,Quarterly Journal of Economics,2016-06-24,2749159358,,2,W. Z. Ripley,,21226,w z ripley,W. Z. Ripley,,1,1,2017-08-31,male,1.0
61,2054558725,a peculiar eight hour problem,1919,1919-05-01,,203860005.0,Quarterly Journal of Economics,2016-06-24,2750015593,,3,W. H. Hendron,,21226,w h hendron,W. H. Hendron,,1,1,2017-08-31,male,1.0
62,2303964521,the single tax and the impot unique,1891,1891-04-01,,203860005.0,Quarterly Journal of Economics,2016-06-24,2314167469,,1,Samuel B. Clarke,"New York, January 13, 1891",21226,samuel b clarke,Samuel B. Clarke,,1,1,2016-06-24,male,1.0
63,1997060438,standardization in marketing,1917,1917-02-01,,203860005.0,Quarterly Journal of Economics,2016-06-24,2575528060,136199984.0,1,T. N. Carver,"Harvard University , ",16964,thomas nixon carver,Thomas Nixon Carver,205783295.0,42,42,2017-01-26,male,1.0
64,2017969588,no par stock its economic and legal aspects,1924,1924-05-01,,203860005.0,Quarterly Journal of Economics,2016-06-24,1969187485,78577930.0,1,James C. Bonbright,Columbia University ,18297,james c bonbright,James C. Bonbright,78577930.0,18,17,2016-06-24,male,1.0
65,2155525349,are there cultural effects on saving some cross sectional evidence,1994,1994-08-01,,203860005.0,Quarterly Journal of Economics,2016-06-24,2095952474,1317239608.0,1,Christopher D. Carroll,Board of Governors of the Federal Reserve System,13630,christopher d carroll,Christopher D. Carroll,145311948.0,176,96,2016-06-24,male,1.0
65,2155525349,are there cultural effects on saving some cross sectional evidence,1994,1994-08-01,,203860005.0,Quarterly Journal of Economics,2016-06-24,2168734207,5388228.0,2,Byung-Kun Rhee,University of Rochester ,17452,byungkun rhee,Byung-Kun Rhee,118722661.0,4,3,2016-06-24,None,0.0
65,2155525349,are there cultural effects on saving some cross sectional evidence,1994,1994-08-01,,203860005.0,Quarterly Journal of Economics,2016-06-24,2622492673,139264467.0,3,Changyong Rhee,Seoul National Univ.#TAB#,17779,changyong rhee,Changyong Rhee,139264467.0,1,1,2017-06-15,male,0.98
67,2082310685,multiplicity of equilibria and comparative statics,1985,1985-02-01,2016-04-21,203860005.0,Quarterly Journal of Economics,2016-06-24,1780419141,16174345.0,1,Timothy J. Kehoe,"Clare College, Cambridge, England",13829,timothy j kehoe,Timothy J. Kehoe,130238516.0,269,188,2016-06-24,male,1.0
68,2033009483,a universal law of economic variation,1894,1894-04-01,,203860005.0,Quarterly Journal of Economics,2016-06-24,2106711564,177605424.0,1,John Bates Clark,"Amherst College , Massachusetts",15728,john bates clark,John Bates Clark,43638361.0,55,50,2016-06-24,male,1.0
69,2121005211,economics and identity,2000,2000-08-01,,203860005.0,Quarterly Journal of Economics,2016-06-24,138472041,66946132.0,2,Rachel E. Kranton,University of Maryland At College Park,14405,rachel e kranton,Rachel E. Kranton,170897317.0,57,50,2016-06-24,female,1.0
69,2121005211,economics and identity,2000,2000-08-01,,203860005.0,Quarterly Journal of Economics,2016-06-24,558711637,95457486.0,1,George A. Akerlof,University of California at Berkeley and the Brookings Institution,12316,george a akerlof,George A. Akerlof,184565670.0,172,142,2016-06-24,male,1.0
70,1486800652,global production with export platforms,2017,2017-02-01,2016-10-13,203860005.0,Quarterly Journal of Economics,2016-06-24,196888767,40347166.0,1,Felix Tintelnot,University of Chicago and NBER†,17032,felix tintelnot,Felix Tintelnot,40347166.0,38,24,2016-06-24,male,1.0
71,2107223856,relationship specificity incomplete contracts and the pattern of trade,2007,2007-05-01,,203860005.0,Quarterly Journal of Economics,2016-06-24,2148103966,109736498.0,1,Nathan Nunn,"Department of Economics, University of British Columbia and the Canadian Institute for Advanced Research (CIAR)",14803,nathan nunn,Nathan Nunn,136199984.0,141,73,2016-06-24,male,1.0
72,3121380054,the deposits channel of monetary policy,2017,2017-11-01,2017-05-29,203860005.0,Quarterly Journal of Economics,2021-02-01,1950831029,57206974.0,1,Itamar Drechsler,"New York University, Stern School of Business and NBER",15748,itamar drechsler,Itamar Drechsler,79576946.0,39,22,2016-06-24,male,0.95
72,3121380054,the deposits channel of monetary policy,2017,2017-11-01,2017-05-29,203860005.0,Quarterly Journal of Economics,2021-02-01,2039069102,57206974.0,3,Philipp Schnabl,"New York University, Stern School of Business, CEPR, and NBER",14596,philipp schnabl,Philipp Schnabl,57206974.0,65,37,2016-06-24,male,1.0
72,3121380054,the deposits channel of monetary policy,2017,2017-11-01,2017-05-29,203860005.0,Quarterly Journal of Economics,2021-02-01,2145644418,57206974.0,2,Alexi Savov,"New York University, Stern School of Business and NBER",16425,alexi savov,Alexi Savov,57206974.0,34,17,2016-06-24,male,0.8
73,1981482142,commons s institutionalism in relation to problems of social evolution and economic planning,1936,1936-02-01,,203860005.0,Quarterly Journal of Economics,2016-06-24,2502399460,27837315.0,1,Morris A. Copeland,†University of Michigan,15832,morris a copeland,Morris A. Copeland,27837315.0,105,66,2016-08-23,male,1.0
74,2127008317,irving fisher on his head the consequences of constant threshold target monitoring of money holdings,1979,1979-05-01,,203860005.0,Quarterly Journal of Economics,2016-06-24,558711637,909854389.0,1,George A. Akerlof,London  School of Economics,12316,george a akerlof,George A. Akerlof,184565670.0,172,142,2016-06-24,male,1.0
75,2099629292,computer models in dynamic economics,1961,1961-02-01,,203860005.0,Quarterly Journal of Economics,2016-06-24,2616620637,196817621.0,2,Richard M. Cyert,Carnegie Institute of Technology†,12929,richard m cyert,Richard M. Cyert,196817621.0,30,29,2017-05-26,male,1.0
75,2099629292,computer models in dynamic economics,1961,1961-02-01,,203860005.0,Quarterly Journal of Economics,2016-06-24,2778804874,196817621.0,1,Kalman J. Cohen,Carnegie Institute of Technology†,14780,kalman j cohen,Kalman J. Cohen,196817621.0,17,16,2018-01-05,male,0.98
76,2108419099,north south trade and the environment,1994,1994-08-01,1994-01-01,203860005.0,Quarterly Journal of Economics,2016-06-24,2107630282,141945490.0,2,M. Scott Taylor,", University of British Columbia",14313,m scott taylor,M. Scott Taylor,168635309.0,114,70,2016-06-24,male,1.0
76,2108419099,north south trade and the environment,1994,1994-08-01,1994-01-01,203860005.0,Quarterly Journal of Economics,2016-06-24,2127437946,141945490.0,1,Brian R. Copeland,", University of British Columbia",14534,brian r copeland,Brian R. Copeland,141945490.0,74,52,2016-06-24,male,1.0
77,1970904186,economics of information and job search reply,1972,1972-02-01,,203860005.0,Quarterly Journal of Economics,2016-06-24,2136523743,161318765.0,1,John J. McCall,University of California-Los Angeles,14927,john j mccall,John J. McCall,161318765.0,48,46,2016-06-24,male,1.0
78,2277938245,chapters on machinery and labor iii machinery and the displacement of skill,1925,1925-11-01,,203860005.0,Quarterly Journal of Economics,2016-06-24,2107518048,145311948.0,1,George E. Barnett,The Johns hopkins University,18215,george e barnett,George E. Barnett,145311948.0,14,14,2016-06-24,male,1.0
79,1973719096,elementary economics in schools and colleges,1897,1897-10-01,,203860005.0,Quarterly Journal of Economics,2016-06-24,2677569745,,1,Frederick R. Clow,,19781,frederick r clow,Frederick R. Clow,88796386.0,3,3,2017-06-30,male,1.0
80,2323847952,real effects of foreign surplus disposal in underdeveloped economies further comment,1963,1963-05-01,,203860005.0,Quarterly Journal of Economics,2016-06-24,3215129525,,1,Walter P. Falcon,,19806,walter p falcon,Walter P. Falcon,,2,2,2021-12-06,male,1.0
81,431879621,日本におけるマス コミュニケーション研究 清水 南 日高の所説を中心に,1973,1973-09-01,,203860005.0,Quarterly Journal of Economics,2016-06-24,2728618756,,1,正樹 滝沢,,20533,正樹 滝沢,正樹 滝沢,,2,2,2017-07-14,None,0.0
82,1988021351,wages and profits in the paper industry 1929 1939,1944,1944-02-01,,203860005.0,Quarterly Journal of Economics,2016-06-24,2127591240,63966007.0,1,W. Rupert Maclaurin,Massachusetts Institute Of Technology#TAB#,16724,w rupert maclaurin,W. Rupert Maclaurin,63966007.0,8,8,2016-06-24,male,1.0
83,2330521650,the incidence of an income tax on saving,1942,1942-02-01,,203860005.0,Quarterly Journal of Economics,2016-06-24,2751820729,86519309.0,1,Abram Bergson,(University of Texas),21226,abram bergson,Abram Bergson,86519309.0,1,1,2017-09-15,male,1.0
84,2019742586,in defense of monopoly,1945,1945-08-01,,203860005.0,Quarterly Journal of Economics,2016-06-24,2154904910,173911158.0,1,K. E. Boulding,"Iowa State College , ",13521,kenneth e boulding,Kenneth E. Boulding,188538660.0,284,276,2016-06-24,male,1.0
85,2159935017,why does aggregate insider trading predict future stock returns,1992,1992-11-01,,203860005.0,Quarterly Journal of Economics,2016-06-24,1687461548,27837315.0,1,H. Nejat Seyhun,†University of Michigan,15161,h nejat seyhun,H. Nejat Seyhun,27837315.0,62,52,2016-06-24,male,1.0
87,1966671954,refutation of the nonswitching theorem,1966,1966-11-01,,203860005.0,Quarterly Journal of Economics,2016-06-24,2796027781,98285908.0,1,Michio Morishima,Osaka -University,14867,michio morishima,Michio Morishima,909854389.0,122,103,2018-04-13,male,1.0
88,2058165566,the incidence of sales taxes the shifting of sales taxes,1940,1940-08-01,,203860005.0,Quarterly Journal of Economics,2016-06-24,2576264324,97018004.0,1,Roy W. Jastram,Stanford University (),19321,roy w jastram,Roy W. Jastram,97018004.0,3,3,2017-01-26,male,1.0
89,1542839454,segregated schools and the mobility hypothesis a model of local government discrimination,1991,1991-02-01,1990-10-01,203860005.0,Quarterly Journal of Economics,2016-06-24,277746787,1321305853.0,1,Robert A. Margo,Vanderbilt University and National Bureau of Economic Research,14254,robert a margo,Robert A. Margo,111088046.0,315,187,2016-06-24,male,1.0
90,2111147781,mandated disclosure stock returns and the 1964 securities acts amendments,2006,2006-05-01,2005-08-19,203860005.0,Quarterly Journal of Economics,2016-06-24,1746618,1321305853.0,3,Annette Vissing-Jorgensen,"Kellogg School of Management, Northwestern University, and National Bureau of Economic Research",14406,annette vissingjorgensen,Annette Vissing-Jorgensen,95457486.0,73,42,2016-06-24,female,1.0
90,2111147781,mandated disclosure stock returns and the 1964 securities acts amendments,2006,2006-05-01,2005-08-19,203860005.0,Quarterly Journal of Economics,2016-06-24,2138961361,1321305853.0,1,Michael Greenstone,"Department of Economics, Massachusetts Institute of Technology, and National Bureau of Economic Research",13779,michael greenstone,Michael Greenstone,40347166.0,247,157,2016-06-24,male,1.0
90,2111147781,mandated disclosure stock returns and the 1964 securities acts amendments,2006,2006-05-01,2005-08-19,203860005.0,Quarterly Journal of Economics,2016-06-24,2500028529,1321305853.0,2,Paul E. Oyer,"Graduate School of Business, Stanford University, and National Bureau of Economic Research",15064,paul oyer,Paul Oyer,97018004.0,115,77,2016-08-23,male,1.0
91,2151016306,domestic policies national sovereignty and international economic institutions,2001,2001-05-01,1999-08-01,203860005.0,Quarterly Journal of Economics,2016-06-24,2124575537,1321305853.0,2,Robert W. Staiger,University of Wisconsin at Madison and National Bureau of Economic Research,13788,robert w staiger,Robert W. Staiger,1321305853.0,262,142,2016-06-24,male,1.0
91,2151016306,domestic policies national sovereignty and international economic institutions,2001,2001-05-01,1999-08-01,203860005.0,Quarterly Journal of Economics,2016-06-24,2198106154,1321305853.0,1,Kyle Bagwell,Columbia University and National Bureau of Economic Research.,13788,kyle bagwell,Kyle Bagwell,97018004.0,218,128,2016-06-24,male,1.0
92,2170834958,the organization of firms across countries,2012,2012-09-07,2012-11-19,203860005.0,Quarterly Journal of Economics,2016-06-24,1974304570,,2,Raffaella Sadun,,15164,raffaella sadun,Raffaella Sadun,136199984.0,153,102,2016-06-24,female,1.0
92,2170834958,the organization of firms across countries,2012,2012-09-07,2012-11-19,203860005.0,Quarterly Journal of Economics,2016-06-24,2118787236,,3,John Van Reenen,,13109,john van reenen,John Van Reenen,63966007.0,629,407,2016-06-24,male,1.0
92,2170834958,the organization of firms across countries,2012,2012-09-07,2012-11-19,203860005.0,Quarterly Journal of Economics,2016-06-24,2133900406,,1,Nicholas Bloom,,13164,nicholas bloom,Nicholas Bloom,97018004.0,418,235,2016-06-24,male,1.0
93,3121911447,exports and financial shocks,2011,2011-11-01,2011-10-13,203860005.0,Quarterly Journal of Economics,2021-02-01,205488002,,1,Mary Amiti,,14312,mary amiti,Mary Amiti,43638361.0,156,88,2016-06-24,female,1.0
93,3121911447,exports and financial shocks,2011,2011-11-01,2011-10-13,203860005.0,Quarterly Journal of Economics,2021-02-01,2250742331,,2,David E. Weinstein,,13787,david e weinstein,David E. Weinstein,78577930.0,201,117,2016-06-24,male,1.0
94,3122588894,the effect of prison population size on crime rates evidence from prison overcrowding litigation,1996,1996-05-01,1995-05-01,203860005.0,Quarterly Journal of Economics,2021-02-01,2072625399,1321305853.0,1,Steven D. Levitt,Harvard University and National Bureau of Economic Research.,13291,steven d levitt,Steven D. Levitt,40347166.0,286,170,2016-06-24,male,1.0
96,2085474340,exports in an imperfect competition framework an analysis of 1 446 exporters,1980,1980-05-01,,203860005.0,Quarterly Journal of Economics,2016-06-24,2620012045,865419266.0,2,Alexis Jacquemin,Catholic University of Louvain,14276,alexis jacquemin,Alexis Jacquemin,95674353.0,145,131,2017-06-05,male,0.82
96,2085474340,exports in an imperfect competition framework an analysis of 1 446 exporters,1980,1980-05-01,,203860005.0,Quarterly Journal of Economics,2016-06-24,2650760685,,1,Herbert Glejser,Universities of Namur and Brussels,18487,herbert glejser,Herbert Glejser,,1,1,2017-06-30,male,1.0
96,2085474340,exports in an imperfect competition framework an analysis of 1 446 exporters,1980,1980-05-01,,203860005.0,Quarterly Journal of Economics,2016-06-24,2663470676,865419266.0,3,Jean Petit,Catholic University of Louvain,18487,jean petit,Jean Petit,865419266.0,1,1,2017-06-30,female,0.72
97,1973710178,the check off system and the closed shop among the united mine workers,1911,1911-08-01,,203860005.0,Quarterly Journal of Economics,2016-06-24,2652578363,,1,F. A. King,,21226,f a king,F. A. King,,1,1,2017-06-30,None,0.0
98,577699598,炭層の上にある大学 ル ル大学留学記 1979 80年,1980,1980-11-01,,203860005.0,Quarterly Journal of Economics,2016-06-24,2734067643,,1,新一 久保,,21226,新一 久保,新一 久保,,1,1,2017-07-14,None,0.0
99,2101535662,the more the merrier the effect of family size and birth order on children s education,2005,2005-05-01,2007-09-14,203860005.0,Quarterly Journal of Economics,2016-06-24,1353101743,161318765.0,2,Paul J. Devereux,"University of California, Los Angeles, and IZA",14604,paul j devereux,Paul J. Devereux,100930933.0,170,85,2016-06-24,male,1.0
99,2101535662,the more the merrier the effect of family size and birth order on children s education,2005,2005-05-01,2007-09-14,203860005.0,Quarterly Journal of Economics,2016-06-24,2065728897,931913249.0,3,Kjell G. Salvanes,"Norwegian School of Economics and Business Administration, Statistics Norway and IZA ",14217,kjell g salvanes,Kjell G. Salvanes,931913249.0,294,183,2016-06-24,male,1.0
99,2101535662,the more the merrier the effect of family size and birth order on children s education,2005,2005-05-01,2007-09-14,203860005.0,Quarterly Journal of Economics,2016-06-24,2267221455,161318765.0,1,Sandra E. Black,"University of California, Los Angeles, IZA, and National Bureau of Economic Research",14065,sandra e black,Sandra E. Black,78577930.0,169,89,2016-06-24,female,1.0
100,2002667889,interregional payments a comment,1950,1950-08-01,,203860005.0,Quarterly Journal of Economics,2016-06-24,2609401497,200719446.0,1,Rendigs Fels,"Vanderbilt University,#TAB#",17456,rendigs fels,Rendigs Fels,200719446.0,15,15,2017-05-05,None,0.0
101,2036636517,the economics of the iron and steel industry,1937,1937-11-01,,203860005.0,Quarterly Journal of Economics,2016-06-24,2110242536,153592363.0,1,M. M. Bober,Lawrence College,19321,m m bober,M. M. Bober,153592363.0,2,2,2016-06-24,male,1.0
103,2142242240,the relation between kinds of statistical units and the quality of statistical material,1912,1912-08-01,,203860005.0,Quarterly Journal of Economics,2016-06-24,2313196914,1300137990.0,1,G. P. Watkins,"Public Service Commission, New York City",19320,g p watkins,G. P. Watkins,1300137990.0,2,2,2016-06-24,male,1.0
104,2066997027,how large are the effects from changes in family environment a study of korean american adoptees,2007,2007-02-01,,203860005.0,Quarterly Journal of Economics,2016-06-24,2126682900,107672454.0,1,Bruce Sacerdote,Dartmouth College and NBER.,13797,bruce sacerdote,Bruce Sacerdote,107672454.0,124,69,2016-06-24,male,1.0
105,1975618628,some limitations of the value concept,1911,1911-05-01,2004-08-03,203860005.0,Quarterly Journal of Economics,2016-06-24,2584093365,136199984.0,1,Allyn A. Young,"Harvard University , ",18527,allyn a young,Allyn A. Young,136199984.0,11,11,2017-02-10,male,0.53
106,2031302338,estimating the economic model of crime reply,1983,1983-02-01,,203860005.0,Quarterly Journal of Economics,2016-06-24,2734580782,114027177.0,1,Ann Dryden Witte,"University of North Carolina, Chapel Hill.",15465,ann dryden witte,Ann Dryden Witte,189731429.0,40,33,2017-07-21,female,1.0
107,2061423894,towards a better understanding of the incremental capital output ratio,1968,1968-08-01,1968-01-01,203860005.0,Quarterly Journal of Economics,2016-06-24,2681930711,205783295.0,1,J. Vanek,cornell University,16638,jaroslav vanek,Jaroslav Vanek,205783295.0,10,10,2017-06-30,female,0.67
107,2061423894,towards a better understanding of the incremental capital output ratio,1968,1968-08-01,1968-01-01,203860005.0,Quarterly Journal of Economics,2016-06-24,2698396126,205783295.0,2,A. H. Studenmund,cornell University,19260,a h studenmund,A. H. Studenmund,205783295.0,1,1,2017-06-30,None,0.0
108,1979852797,the government of the fabian socialist commonwealth,1921,1921-05-01,,203860005.0,Quarterly Journal of Economics,2016-06-24,2654876979,136199984.0,1,A. N. Holcombe,"Harvard University , ",18606,a n holcombe,A. N. Holcombe,136199984.0,9,9,2017-06-30,None,0.0
109,1482030970,ownership and the production function,1964,1964-03-12,,203860005.0,Quarterly Journal of Economics,2016-06-24,227357432,,2,Martin Shubik,,12916,martin shubik,Martin Shubik,32971472.0,735,580,2016-06-24,male,1.0
109,1482030970,ownership and the production function,1964,1964-03-12,,203860005.0,Quarterly Journal of Economics,2016-06-24,2068923041,,1,Lloyd S. Shapley,,12369,lloyd s shapley,Lloyd S. Shapley,161318765.0,159,149,2016-06-24,male,1.0
110,2319499073,laws regulating the migration of russians through germany,1907,1907-05-01,,203860005.0,Quarterly Journal of Economics,2016-06-24,2314985765,205783295.0,1,E. A. Goldenweiser,cornell University,21198,e a goldenweiser,E. A. Goldenweiser,205783295.0,1,1,2016-06-24,None,0.0
111,2057297170,linear decision rules for economic stabilization and growth comment,1965,1965-05-01,,203860005.0,Quarterly Journal of Economics,2016-06-24,2132074781,1317239608.0,1,John H. Wood,"Board of Governors, Federal Reserve System, Washington, D.C.",15595,john h wood,John H. Wood,47251452.0,49,46,2016-06-24,male,1.0
112,2316610078,williams s social psychology ogburn s social change,1923,1923-02-01,,203860005.0,Quarterly Journal of Economics,2016-06-24,2660551550,130238516.0,1,Z. C. Dickinson,university of minnesota;,20513,z c dickinson,Z. C. Dickinson,130238516.0,2,2,2017-06-30,male,1.0
113,2140786056,the nature and scope of collective bargaining,1944,1944-05-01,,203860005.0,Quarterly Journal of Economics,2016-06-24,2635412105,,1,Neil Chamberlain,,21196,neil chamberlain,Neil Chamberlain,,1,1,2017-06-30,male,1.0
114,2044199265,security and a financial theory of investment,1960,1960-08-01,,203860005.0,Quarterly Journal of Economics,2016-06-24,2133498243,63966007.0,1,Myron J. Gordon,Massachusetts Institute Of Technology#TAB#,14041,myron j gordon,Myron J. Gordon,185261750.0,77,75,2016-06-24,male,1.0
116,2093637920,the extent and trends of raiding among american unions,1955,1955-02-01,,203860005.0,Quarterly Journal of Economics,2016-06-24,2751012874,52357470.0,1,Joseph Krislov,Ohio State University,20858,joseph krislov,Joseph Krislov,52357470.0,1,1,2017-09-15,male,1.0
117,2317080095,the fundamental error of kapital und kapitalzins,1892,1892-04-01,,203860005.0,Quarterly Journal of Economics,2016-06-24,2312298065,,1,Frederick B. Hawley,,18296,frederick b hawley,Frederick B. Hawley,,10,9,2016-06-24,male,1.0
118,2330725024,patten s essays in economic theory,1924,1924-11-01,,203860005.0,Quarterly Journal of Economics,2016-06-24,2275149899,56722557.0,1,G. A. Kleene,"Trinity College, Hartford, Conn.",19840,g a kleene,G. A. Kleene,56722557.0,4,4,2016-06-24,male,1.0
119,2331068411,control of investment versus control of return a reply,1930,1930-05-01,,203860005.0,Quarterly Journal of Economics,2016-06-24,2989078929,,1,Bruce W. Knight,,20524,bruce w knight,Bruce W. Knight,107672454.0,2,2,2019-11-22,male,1.0
120,2066485117,on the nature of capital investment intangible assets and the pecuniary magnate,1908,1908-11-01,,203860005.0,Quarterly Journal of Economics,2016-06-24,1897214289,97018004.0,1,Thorstein Veblen,Stanford University (),13220,thorstein veblen,Thorstein Veblen,40347166.0,156,139,2016-06-24,male,0.97
121,397340207,日本企業の欧州におけるm a バブル期の買収ブ ムと国際的未熟性に関する現地調査,1998,1998-04-01,,203860005.0,Quarterly Journal of Economics,2016-06-24,2726411731,,1,皓一 奥村,,21226,皓一 奥村,皓一 奥村,,1,1,2017-07-14,None,0.0
122,2006554037,promotion as the cause of crises,1915,1915-08-01,,203860005.0,Quarterly Journal of Economics,2016-06-24,2277367939,114395901.0,1,Minnie Throop England,University of Nebraska,19762,minnie throop england,Minnie Throop England,114395901.0,4,4,2016-06-24,female,0.99
123,2088426199,optimum population in rural areas empirical evidence from the franc zone,1977,1977-05-01,,203860005.0,Quarterly Journal of Economics,2016-06-24,2670001719,121934306.0,1,J. Dirck Stryker,Tufts University,20968,j dirck stryker,J. Dirck Stryker,121934306.0,1,1,2017-06-30,female,0.67
124,2170975327,the relative movements of real and money wage rates,1940,1940-11-01,,203860005.0,Quarterly Journal of Economics,2016-06-24,2987016534,136199984.0,1,Richard Ruggles,"Harvard University , ",19027,richard ruggles,Richard F. Ruggles,136199984.0,2,2,2019-11-22,male,1.0
125,2034753426,italian economic contrasts,1903,1903-08-01,,203860005.0,Quarterly Journal of Economics,2016-06-24,2291795836,,1,Remsen Whitehouse,,21226,remsen whitehouse,Remsen Whitehouse,,1,1,2016-06-24,male,1.0
126,2027278554,some objections to profit sharing,1887,1887-01-01,,203860005.0,Quarterly Journal of Economics,2016-06-24,2328785757,,1,Richard Aldrich,,20978,richard aldrich,Richard Aldrich,,1,1,2016-06-24,male,1.0
127,2332251780,some considerations on land taxation,1917,1917-02-01,,203860005.0,Quarterly Journal of Economics,2016-06-24,2644494555,57206974.0,1,J. R. Turner, New York University<sup>**</sup>,21217,j r turner,J. R. Turner,57206974.0,1,1,2017-06-30,female,0.67
128,1976744924,shadow prices for project evaluation under alternative macroeconomic specifications,1983,1983-08-01,2010-07-01,203860005.0,Quarterly Journal of Economics,2016-06-24,2049496365,136199984.0,2,Shantayanan Devarajan,Would Bank Harvard University,14258,shantayanan devarajan,Shantayanan Devarajan,1334329717.0,202,177,2016-06-24,None,0.0
128,1976744924,shadow prices for project evaluation under alternative macroeconomic specifications,1983,1983-08-01,2010-07-01,203860005.0,Quarterly Journal of Economics,2016-06-24,2920327984,136199984.0,1,Clive Bell,Would Bank Harvard University,17453,clive bell,Clive Bell,223822909.0,17,9,2019-03-11,male,1.0
129,2080347418,more on rawlsian optimal income taxation a complementary note on e s phelps s taxation of wage income for economic justice,1977,1977-05-01,,203860005.0,Quarterly Journal of Economics,2016-06-24,2598501327,392282.0,1,Seiritsu Ogura,State University of New York at Albany,18992,seiritsu ogura,Seiritsu Ogura,392282.0,2,2,2017-04-07,None,0.0
130,2081566872,intertemporal efficiency of capital accumulation and the von neumann ray,1965,1965-11-01,,203860005.0,Quarterly Journal of Economics,2016-06-24,741839799,71495548.0,1,Ranjit K. Sau,"Indian Institute of Management Calcutta, ",19768,ranjit sau,Ranjit K. Sau,71495548.0,4,4,2016-06-24,male,1.0
131,2327467271,the expectations hypothesis the yield curve and monetary policy comment,1965,1965-11-01,,203860005.0,Quarterly Journal of Economics,2016-06-24,3206533422,97018004.0,1,James van Horne,Stanford University (),17164,james c van horne,James C. Van Horne,97018004.0,12,12,2021-10-25,male,1.0
132,2122617723,generating cycles reflected in a century of prices,1921,1921-08-01,,203860005.0,Quarterly Journal of Economics,2016-06-24,2578231187,78577930.0,1,Henry Ludwell Moore,Columbia University ,16424,henry ludwell moore,Henry Ludwell Moore,78577930.0,13,13,2017-01-26,male,1.0
133,2124230240,taxes and subsidies in the input output model,1981,1981-02-01,,203860005.0,Quarterly Journal of Economics,2016-06-24,2581202282,146399215.0,1,Hiroshi Atsumi,University OF Tsukuba,19055,hiroshi atsumi,Hiroshi Atsumi,146399215.0,4,4,2017-02-03,male,1.0
134,2091471865,traditional welfare norms for specific taxes,1970,1970-05-01,,203860005.0,Quarterly Journal of Economics,2016-06-24,2658356471,859038795.0,1,Charles J. Goetz,"Virginia Polytechnic Institute , ",16562,charles j goetz,Charles J. Goetz,859038795.0,5,5,2017-06-30,male,1.0
135,2102265561,money trade and prices a test of causal primacy,1929,1929-08-01,,203860005.0,Quarterly Journal of Economics,2016-06-24,2722355263,1317239608.0,1,Morris A. Copeland,"Division of Research and Statistics, Federal Reserve Board, Washington",21124,morris a copeland,Morris A. Copeland,1317239608.0,1,1,2017-06-30,male,1.0
136,2009210065,stochastic stability of short run market equilibrium comment,1970,1970-02-01,,203860005.0,Quarterly Journal of Economics,2016-06-24,2149213100,102322142.0,1,E. Roy Weintraub,Rutgers College ,15260,e roy weintraub,E. Roy Weintraub,170897317.0,158,135,2016-06-24,None,0.0
138,2096627274,the harm from insider trading and informed speculation,1989,1989-11-01,,203860005.0,Quarterly Journal of Economics,2016-06-24,2080747258,111088046.0,1,Michael Manove,Boston Univ,15981,michael manove,Michael Manove,111088046.0,29,23,2016-06-24,male,1.0
139,2055205192,employment stabilization through pay roll taxation,1942,1942-11-01,,203860005.0,Quarterly Journal of Economics,2016-06-24,2574312611,,1,Karl Pribram,"Washington, D. C.",17999,karl pribram,Karl Pribram,,19,19,2017-01-26,male,1.0
140,2039822817,on seigniorage operating rules and dual equilibria,1993,1993-05-01,,203860005.0,Quarterly Journal of Economics,2016-06-24,1967565952,76835614.0,2,Ronald A. Ratti,#N#University of Missouri - Columbia#N#,14955,ronald a ratti,Ronald A. Ratti,76835614.0,167,119,2016-06-24,male,1.0
140,2039822817,on seigniorage operating rules and dual equilibria,1993,1993-05-01,,203860005.0,Quarterly Journal of Economics,2016-06-24,2131010686,76835614.0,1,Kiseok Lee,#N#University of Missouri - Columbia#N#,16258,kiseok lee,Kiseok Lee,35928602.0,14,12,2016-06-24,male,0.97
141,1976398179,some additional results on investment risk taking and full loss offset corporate taxation with interest deductibility,1981,1981-11-01,,203860005.0,Quarterly Journal of Economics,2016-06-24,1698540239,204722609.0,1,Jack M. Mintz,(Queen's University) ,14466,jack mintz,Jack Mintz,168635309.0,282,206,2016-06-24,male,1.0
142,1486074411,ranking of tariffs under monopoly power in trade,1969,1969-05-01,,203860005.0,Quarterly Journal of Economics,2016-06-24,621481202,63966007.0,1,Jagdish N. Bhagwati,Massachusetts Institute Of Technology#TAB#,12720,jagdish n bhagwati,Jagdish N. Bhagwati,78577930.0,520,446,2016-06-24,male,0.99
142,1486074411,ranking of tariffs under monopoly power in trade,1969,1969-05-01,,203860005.0,Quarterly Journal of Economics,2016-06-24,2056669582,31746571.0,2,Murray C. Kemp,"University of New South Wales,#TAB#",13896,murray c kemp,Murray C. Kemp,31746571.0,312,286,2016-06-24,male,1.0
143,2006558343,workers machines and economic growth,1998,1998-11-01,2000-01-16,203860005.0,Quarterly Journal of Economics,2016-06-24,67435559,197251160.0,1,Joseph Zeira,The Hebrew University of Jerusalem and CEPR,14536,joseph zeira,Joseph Zeira,197251160.0,77,45,2016-06-24,male,1.0
144,2135106151,marriage institutions and sibling competition evidence from south asia,2013,2013-04-05,2013-07-04,203860005.0,Quarterly Journal of Economics,2016-06-24,2156167401,1321305853.0,1,Tom S. Vogl,Princeton University and National Bureau of Economic Research,16280,tom vogl,Tom Vogl,20089843.0,58,32,2016-06-24,male,1.0
145,2150119583,tying odysseus to the mast evidence from a commitment savings product in the philippines,2006,2006-05-01,,203860005.0,Quarterly Journal of Economics,2016-06-24,2046686187,136199984.0,1,Nava Ashraf,"Harvard University , ",15074,nava ashraf,Nava Ashraf,909854389.0,97,68,2016-06-24,female,0.95
145,2150119583,tying odysseus to the mast evidence from a commitment savings product in the philippines,2006,2006-05-01,,203860005.0,Quarterly Journal of Economics,2016-06-24,2232003916,63966007.0,2,Dean S. Karlan,Yale University and M.I.T. Poverty Action Lab,13604,dean karlan,Dean Karlan,111979921.0,399,246,2016-06-24,male,1.0
145,2150119583,tying odysseus to the mast evidence from a commitment savings product in the philippines,2006,2006-05-01,,203860005.0,Quarterly Journal of Economics,2016-06-24,2248652353,40347166.0,3,Wesley Yin,University of Chicago (  ),15544,wesley yin,Wesley Yin,161318765.0,56,39,2016-06-24,male,1.0
147,1995293691,booms busts and babies health,2004,2004-08-01,,203860005.0,Quarterly Journal of Economics,2016-06-24,34678664,20089843.0,2,Adriana Lleras-Muney,Princeton University and NBER; .,14508,adriana llerasmuney,Adriana Lleras-Muney,161318765.0,123,68,2016-06-24,female,1.0
147,1995293691,booms busts and babies health,2004,2004-08-01,,203860005.0,Quarterly Journal of Economics,2016-06-24,2311630709,78577930.0,1,Rajeev Dehejia,Columbia University & NBER.,14152,rajeev dehejia,Rajeev Dehejia,57206974.0,130,87,2016-06-24,male,1.0
148,3122285926,equilibrium long term labor contracts,1983,1983-01-01,,203860005.0,Quarterly Journal of Economics,2021-02-01,1971599609,,1,Bengt Holmstrom,,12345,bengt holmstrom,Bengt Holmstrom,63966007.0,118,84,2016-06-24,male,1.0
149,3123995475,on committees of experts,2007,2007-02-01,2005-03-10,203860005.0,Quarterly Journal of Economics,2021-02-01,237631100,913958620.0,2,Otto H. Swank,"Erasmus University Rotterdam, and Tinbergen Institute.",15637,otto h swank,Otto H. Swank,913958620.0,146,104,2016-06-24,male,0.99
149,3123995475,on committees of experts,2007,2007-02-01,2005-03-10,203860005.0,Quarterly Journal of Economics,2021-02-01,2139361264,913958620.0,1,Bauke Visser,"Erasmus University Rotterdam, and Tinbergen Institute.",16418,bauke visser,Bauke Visser,913958620.0,60,42,2016-06-24,male,0.94
150,3124357452,inside the family firm the role of families in succession decisions and performance,2007,2007-05-01,2019-11-07,203860005.0,Quarterly Journal of Economics,2021-02-01,709021197,180519160.0,1,Morten Bennedsen,"Department of Economics, Copenhagen Business School and CEBR",15097,morten bennedsen,Morten Bennedsen,124055696.0,124,90,2016-06-24,male,1.0
150,3124357452,inside the family firm the role of families in succession decisions and performance,2007,2007-05-01,2019-11-07,203860005.0,Quarterly Journal of Economics,2021-02-01,2101182203,180519160.0,2,Kasper Meisner Nielsen,"Department of Finance, Copenhagen Business School and CEBR",15676,kasper meisner nielsen,Kasper Meisner Nielsen,180519160.0,94,73,2016-06-24,male,1.0
150,3124357452,inside the family firm the role of families in succession decisions and performance,2007,2007-05-01,2019-11-07,203860005.0,Quarterly Journal of Economics,2021-02-01,2304584314,57206974.0,4,Daniel Wolfenzon,"#N#Leonard N. Stern School of Business, New York University#N#",14617,daniel wolfenzon,Daniel Wolfenzon,78577930.0,56,33,2016-06-24,male,1.0
150,3124357452,inside the family firm the role of families in succession decisions and performance,2007,2007-05-01,2019-11-07,203860005.0,Quarterly Journal of Economics,2021-02-01,2557430682,78577930.0,3,Francisco Perez-Gonzalez,Graduate School of Business; Columbia University,15659,francisco perezgonzalez,Francisco Perez-Gonzalez,187481652.0,19,14,2016-12-08,male,1.0
151,1999460879,does the consumer benefit from price instability,1944,1944-08-01,,203860005.0,Quarterly Journal of Economics,2016-06-24,2679230381,,1,Frederick V. Waugh,War Food Administration,16846,frederick v waugh,Frederick V. Waugh,,3,3,2017-06-30,male,1.0
152,2039785189,stabilization policy response and extension,1980,1980-03-01,,203860005.0,Quarterly Journal of Economics,2016-06-24,2430644732,87216513.0,1,Norman P. Obst, Michigan State University,17225,norman p obst,Norman P. Obst,87216513.0,21,19,2016-06-24,male,1.0
154,1991750554,the remembrance of things past rings and mules revisited,1984,1984-05-01,,203860005.0,Quarterly Journal of Economics,2016-06-24,2118259081,52357470.0,1,Lars G. Sandberg,Ohio State University,16449,lars g sandberg,Lars G. Sandberg,52357470.0,47,46,2016-06-24,male,1.0
155,2159068344,ricardo s criticisms of adam smith,1912,1912-08-01,,203860005.0,Quarterly Journal of Economics,2016-06-24,2522990987,146655781.0,1,Robert A. Macdonald,"University of Liverpool,  England",21097,robert a macdonald,Robert A. Macdonald,146655781.0,1,1,2016-09-30,male,1.0
156,2168355525,the cyclical behavior of individual production series 1889 1984,1991,1991-02-01,,203860005.0,Quarterly Journal of Economics,2016-06-24,740423593,95457486.0,1,Christina D. Romer,University of California–Berkeley.,13714,christina d romer,Christina D. Romer,95457486.0,151,84,2016-06-24,female,1.0
157,2001022938,glasgow and its municipal industries,1895,1895-01-01,,203860005.0,Quarterly Journal of Economics,2016-06-24,2318095388,7882870.0,1,William Smart,*University of Glasgow.,17926,william smart,William Smart,7882870.0,13,11,2016-06-24,male,1.0
158,2056723454,the isthmian canal factors affecting the choice of route,1902,1902-08-01,,203860005.0,Quarterly Journal of Economics,2016-06-24,2629419173,79576946.0,1,Emory R. Johnson,#N#               * University of Pennsylvania.,19785,emory r johnson,Emory R. Johnson,79576946.0,4,4,2017-06-30,male,0.92
159,2124095880,the causes of price inflexibility,1940,1940-05-01,,203860005.0,Quarterly Journal of Economics,2016-06-24,2654044000,57206974.0,1,Jules Backman, New York University<sup>**</sup>,17988,jules backman,Jules Backman,57206974.0,10,10,2017-06-30,male,0.88
