,PaperId,PaperRank,Doi,DocType,PaperTitle,OriginalTitle,BookTitle,Year,Date,OnlineDate,Publisher,JournalId,ConferenceSeriesId,ConferenceInstanceId,Volume,Issue,FirstPage,LastPage,ReferenceCount,PaperCitationCount,EstimatedCitation,OriginalVenue,FamilyId,FamilyRank,N/A,CreatedDate,AuthorId,AffiliationId,AuthorSequenceNumber,OriginalAuthor,OriginalAffiliation,Rank,NormalizedName,DisplayName,LastKnownAffiliationId,PaperCount,AuthorCitationCount,Unknown,CreateDate
0,3119550853,20677,10.1093/RESTUD/RDAA091,Journal,reorganization or liquidation bankruptcy choice and firm dynamics,Reorganization or Liquidation: Bankruptcy Choice and Firm Dynamics,,2021,2021-09-11,2021-06-20,Oxford Academic,88935262,,,88.0,5.0,2239.0,2274.0,52,4,4,The Review of Economic Studies,3119550853.0,19471.0,,2021-01-18,2279466245,57502794.0,2,Pablo D'Erasmo,Federal Reserve Bank of Philadelphia.,16458,pablo derasmo,Pablo D'Erasmo,57502794.0,69,40,455,2016-06-24
0,3119550853,20677,10.1093/RESTUD/RDAA091,Journal,reorganization or liquidation bankruptcy choice and firm dynamics,Reorganization or Liquidation: Bankruptcy Choice and Firm Dynamics,,2021,2021-09-11,2021-06-20,Oxford Academic,88935262,,,88.0,5.0,2239.0,2274.0,52,4,4,The Review of Economic Studies,3119550853.0,19471.0,,2021-01-18,2325952761,135310074.0,1,Dean Corbae,University of Wisconsin-Madison and NBER,15234,dean corbae,Dean Corbae,135310074.0,112,75,2250,2016-06-24
1,3121173810,18809,10.1111/0034-6527.00285,Journal,optimal lending contracts and firm dynamics,Optimal Lending Contracts and Firm Dynamics,,2004,2004-04-01,,Oxford Academic,88935262,,,71.0,2.0,285.0,315.0,50,372,681,The Review of Economic Studies,3121173810.0,18465.0,,2021-02-01,214303381,5388228.0,2,Hugo A. Hopenhayn,University of Rochester and Universitat Torcuato Di Tella,14199,hugo a hopenhayn,Hugo A. Hopenhayn,161318765.0,129,83,6510,2016-06-24
1,3121173810,18809,10.1111/0034-6527.00285,Journal,optimal lending contracts and firm dynamics,Optimal Lending Contracts and Firm Dynamics,,2004,2004-04-01,,Oxford Academic,88935262,,,71.0,2.0,285.0,315.0,50,372,681,The Review of Economic Studies,3121173810.0,18465.0,,2021-02-01,2099749913,5388228.0,1,Rui Albuquerque,University of Rochester ,15135,rui albuquerque,Rui Albuquerque,103531236.0,120,65,2442,2016-06-24
2,3121806511,18910,10.1093/RESTUD/RDU003,Journal,student portfolios and the college admissions problem,Student Portfolios and the College Admissions Problem,,2014,2014-07-01,2014-02-17,Oxford University Press,88935262,,,81.0,3.0,971.0,1002.0,31,66,96,The Review of Economic Studies,3121806511.0,18612.0,,2021-02-01,1992449604,55732556.0,1,Hector Chade,Arizona State University**,16543,hector chade,Hector Chade,55732556.0,60,41,543,2016-06-24
2,3121806511,18910,10.1093/RESTUD/RDU003,Journal,student portfolios and the college admissions problem,Student Portfolios and the College Admissions Problem,,2014,2014-07-01,2014-02-17,Oxford University Press,88935262,,,81.0,3.0,971.0,1002.0,31,66,96,The Review of Economic Studies,3121806511.0,18612.0,,2021-02-01,2192261499,135310074.0,3,Lones Smith,University of Wisconsin,15244,lones smith,Lones Smith,135310074.0,112,73,2439,2016-06-24
2,3121806511,18910,10.1093/RESTUD/RDU003,Journal,student portfolios and the college admissions problem,Student Portfolios and the College Admissions Problem,,2014,2014-07-01,2014-02-17,Oxford University Press,88935262,,,81.0,3.0,971.0,1002.0,31,66,96,The Review of Economic Studies,3121806511.0,18612.0,,2021-02-01,2432512002,136199984.0,2,Gregory Lewis,"Harvard University , ",16595,gregory lewis,Gregory Lewis,1290206253.0,40,17,600,2016-06-24
3,2090518198,26167,10.2307/2297313,Journal,a note on soviet pricing profits and technological choice,"A Note on Soviet Pricing, Profits and Technological Choice",,1980,1980-04-01,,Oxford University Press,88935262,,,47.0,3.0,629.0,635.0,2,0,0,The Review of Economic Studies,,,,2016-06-24,2273005641,881427289.0,1,Morgan Åberg, University of Gothenburg ,20099,morgan aberg,Morgan Åberg,881427289.0,2,2,9,2016-06-24
3,2090518198,26167,10.2307/2297313,Journal,a note on soviet pricing profits and technological choice,"A Note on Soviet Pricing, Profits and Technological Choice",,1980,1980-04-01,,Oxford University Press,88935262,,,47.0,3.0,629.0,635.0,2,0,0,The Review of Economic Studies,,,,2016-06-24,2572003327,881427289.0,2,Håkan Persson, University of Gothenburg ,18136,hakan persson,Håkan Persson,881427289.0,12,12,117,2017-01-26
4,1983524419,20031,10.1111/1467-937X.00101,Journal,real time decentralized information processing as a model of organizations with boundedly rational agents,Real-Time Decentralized Information Processing as a Model of Organizations with Boundedly Rational Agents,,1999,1999-07-01,,Oxford University Press,88935262,,,66.0,3.0,633.0,658.0,32,129,203,The Review of Economic Studies,,,,2016-06-24,1929420175,20089843.0,1,Timothy van Zandt,Princeton University,15901,timothy van zandt,Timothy Van Zandt,102272798.0,58,39,1118,2016-06-24
5,1966334506,21895,10.2307/2295829,Journal,entry in a cournot market,Entry in a Cournot Market,,1965,1965-07-01,,Oxford Academic,88935262,,,32.0,3.0,245.0,250.0,0,67,100,The Review of Economic Studies,,,,2016-06-24,2136947300,72227227.0,1,Charles R. Frank,East African Institute of Social Research and Makerere University College,15411,charles r frank,Charles R. Frank,20089843.0,52,41,499,2016-06-24
6,2317383620,27044,10.2307/2967464,Journal,capital accumulation employment and price rigidity,"Capital Accumulation, Employment and Price Rigidity",,1941,1941-02-01,,Oxford Academic,88935262,,,8.0,2.0,69.0,88.0,0,24,24,The Review of Economic Studies,,,,2016-06-24,364414361,,1,T. de Scitovszky,,15472,t de scitovszky,T. de Scitovszky,,4,4,563,2016-06-24
7,2143037817,26072,10.2307/2297371,Journal,testing linear versus logarithmic regression models a comment,Testing Linear versus Logarithmic Regression Models: A Comment,,1982,1982-07-01,,Oxford University Press,88935262,,,49.0,3.0,477.0,481.0,0,1,1,The Review of Economic Studies,,,,2016-06-24,2669948011,909854389.0,1,Neil R. Ericsson,London  School of Economics,18470,neil r ericsson,Neil R. Ericsson,909854389.0,2,2,60,2017-06-30
8,1970687046,24644,10.2307/2296943,Journal,a life cycle model of the linear income tax,A Life-Cycle Model of the Linear Income Tax,,1980,1980-07-01,,Oxford University Press,88935262,,,47.0,4.0,777.0,785.0,12,0,0,The Review of Economic Studies,,,,2016-06-24,619870079,111979921.0,1,Nancy L. Stokey,Northwestern University,13368,nancy l stokey,Nancy L. Stokey,40347166.0,97,64,11971,2016-06-24
9,1997657584,21890,10.2307/2974413,Journal,short term employment functions in british manufacturing industry,Short Term Employment Functions in British Manufacturing Industry,,1966,1966-07-01,,Oxford Academic,88935262,,,33.0,3.0,179.0,207.0,0,136,202,The Review of Economic Studies,,,,2016-06-24,2280832201,28407311.0,2,E. B. A. St Cyr,London Graduate School of Business Studies and University of Manchester,17093,e b a st cyr,E. B. A. St Cyr,28407311.0,1,1,136,2016-06-24
9,1997657584,21890,10.2307/2974413,Journal,short term employment functions in british manufacturing industry,Short Term Employment Functions in British Manufacturing Industry,,1966,1966-07-01,,Oxford Academic,88935262,,,33.0,3.0,179.0,207.0,0,136,202,The Review of Economic Studies,,,,2016-06-24,2291841616,28407311.0,1,R. J. Ball,London Graduate School of Business Studies and University of Manchester,17093,r j ball,R. J. Ball,28407311.0,1,1,136,2016-06-24
10,2010659683,21624,10.1111/1467-937X.00183,Journal,surplus extraction and competition,Surplus Extraction and Competition,,2001,2001-07-01,,Oxford University Press,88935262,,,68.0,3.0,613.0,631.0,8,28,28,The Review of Economic Studies,2010659683.0,21320.0,,2016-06-24,2305801594,185261750.0,1,Michael Peters,University of Toronto,15481,michael peters,Michael Peters,141945490.0,69,51,1670,2016-06-24
11,2153041336,20294,10.1093/RESTUD/RDU008,Journal,equilibrium pricing and trading volume under preference uncertainty,Equilibrium Pricing and Trading Volume under Preference Uncertainty,,2014,2014-10-01,2014-05-09,Oxford University Press,88935262,,,81.0,4.0,1401.0,1437.0,46,20,60,The Review of Economic Studies,2153041336.0,19847.0,,2016-06-24,702925362,17866349.0,1,Bruno Biais,†Toulouse School of Economics,14450,bruno biais,Bruno Biais,83860666.0,177,123,6228,2016-06-24
11,2153041336,20294,10.1093/RESTUD/RDU008,Journal,equilibrium pricing and trading volume under preference uncertainty,Equilibrium Pricing and Trading Volume under Preference Uncertainty,,2014,2014-10-01,2014-05-09,Oxford University Press,88935262,,,81.0,4.0,1401.0,1437.0,46,20,60,The Review of Economic Studies,2153041336.0,19847.0,,2016-06-24,1978693277,161318765.0,3,Pierre-Olivier Weill,"University of California, Los Angeles, NBER and CEPR",15312,pierreolivier weill,Pierre-Olivier Weill,161318765.0,110,54,1712,2016-06-24
11,2153041336,20294,10.1093/RESTUD/RDU008,Journal,equilibrium pricing and trading volume under preference uncertainty,Equilibrium Pricing and Trading Volume under Preference Uncertainty,,2014,2014-10-01,2014-05-09,Oxford University Press,88935262,,,81.0,4.0,1401.0,1437.0,46,20,60,The Review of Economic Studies,2153041336.0,19847.0,,2016-06-24,2157637993,83860666.0,2,Johan Hombert,HEC Paris,16626,johan hombert,Johan Hombert,83860666.0,56,29,523,2016-06-24
12,2229087761,20156,10.1093/RESTUD/RDAA014,Journal,the cost of job loss,The cost of job loss,,2020,2020-07-01,2020-04-01,Oxford University Press (OUP),88935262,,,87.0,4.0,1757.0,1798.0,50,5,5,The Review of Economic Studies,2229087761.0,19417.0,,2016-06-24,2439543158,110002522.0,3,Melvyn Coles,(University of Essex,14958,melvyn g coles,Melvyn G. Coles,110002522.0,115,79,2186,2016-06-24
12,2229087761,20156,10.1093/RESTUD/RDAA014,Journal,the cost of job loss,The cost of job loss,,2020,2020-07-01,2020-04-01,Oxford University Press (OUP),88935262,,,87.0,4.0,1757.0,1798.0,50,5,5,The Review of Economic Studies,2229087761.0,19417.0,,2016-06-24,2622120311,110002522.0,2,Carlos Carrillo-Tudela,(University of Essex,16503,carlos carrillotudela,Carlos Carrillo-Tudela,110002522.0,64,37,285,2017-06-15
12,2229087761,20156,10.1093/RESTUD/RDAA014,Journal,the cost of job loss,The cost of job loss,,2020,2020-07-01,2020-04-01,Oxford University Press (OUP),88935262,,,87.0,4.0,1757.0,1798.0,50,5,5,The Review of Economic Studies,2229087761.0,19417.0,,2016-06-24,2625027179,79576946.0,1,Kenneth Burdett,#N#               * University of Pennsylvania.,14327,kenneth burdett,Kenneth Burdett,79576946.0,93,70,5091,2017-06-23
13,2907268177,21404,10.1093/RESTUD/RDAB005,Journal,improving management with individual and group based consulting results from a randomized experiment in colombia,Improving Management with Individual and Group-Based Consulting : Results from a Randomized Experiment in Colombia,,2019,2019-05-15,2019-05-15,Oxford University Press (OUP),88935262,,,,,1.0,74.0,20,5,5,The Review of Economic Studies,2907268177.0,20363.0,,2019-01-11,2009649241,1334329717.0,1,Leonardo Iacovone,"World Bank, ",15636,leonardo iacovone,Leonardo Iacovone,1334329717.0,118,82,1343,2016-06-24
13,2907268177,21404,10.1093/RESTUD/RDAB005,Journal,improving management with individual and group based consulting results from a randomized experiment in colombia,Improving Management with Individual and Group-Based Consulting : Results from a Randomized Experiment in Colombia,,2019,2019-05-15,2019-05-15,Oxford University Press (OUP),88935262,,,,,1.0,74.0,20,5,5,The Review of Economic Studies,2907268177.0,20363.0,,2019-01-11,2100931303,1334329717.0,2,William F. Maloney,"World Bank, ",14235,william f maloney,William F. Maloney,1334329717.0,231,164,6273,2016-06-24
13,2907268177,21404,10.1093/RESTUD/RDAB005,Journal,improving management with individual and group based consulting results from a randomized experiment in colombia,Improving Management with Individual and Group-Based Consulting : Results from a Randomized Experiment in Colombia,,2019,2019-05-15,2019-05-15,Oxford University Press (OUP),88935262,,,,,1.0,74.0,20,5,5,The Review of Economic Studies,2907268177.0,20363.0,,2019-01-11,3213414327,1334329717.0,3,David J. Mckenzie,"World Bank, ",15302,david mckenzie,David McKenzie,1334329717.0,134,72,1565,2021-11-22
14,3022273187,17672,10.1093/RESTUD/RDR004,Journal,bayesian learning in social networks,Bayesian Learning in Social Networks,,2011,2011-10-01,2011-03-07,Oxford University Press,88935262,,,78.0,4.0,1201.0,1236.0,52,519,900,The Review of Economic Studies,3022273187.0,17369.0,,2020-05-13,278189939,63966007.0,4,Asuman Ozdaglar,Massachusetts Institute Of Technology#TAB#,13424,asuman ozdaglar,Asuman Ozdaglar,63966007.0,386,270,17992,2016-06-24
14,3022273187,17672,10.1093/RESTUD/RDR004,Journal,bayesian learning in social networks,Bayesian Learning in Social Networks,,2011,2011-10-01,2011-03-07,Oxford University Press,88935262,,,78.0,4.0,1201.0,1236.0,52,519,900,The Review of Economic Studies,3022273187.0,17369.0,,2020-05-13,1970476475,63966007.0,1,Daron Acemoglu,Massachusetts Institute Of Technology#TAB#,11852,daron acemoglu,Daron Acemoglu,63966007.0,925,514,74686,2016-06-24
14,3022273187,17672,10.1093/RESTUD/RDR004,Journal,bayesian learning in social networks,Bayesian Learning in Social Networks,,2011,2011-10-01,2011-03-07,Oxford University Press,88935262,,,78.0,4.0,1201.0,1236.0,52,519,900,The Review of Economic Studies,3022273187.0,17369.0,,2020-05-13,2021577339,63966007.0,2,Munther A. Dahleh,Massachusetts Institute Of Technology#TAB#,13647,munther a dahleh,Munther A. Dahleh,63966007.0,426,368,10730,2016-06-24
14,3022273187,17672,10.1093/RESTUD/RDR004,Journal,bayesian learning in social networks,Bayesian Learning in Social Networks,,2011,2011-10-01,2011-03-07,Oxford University Press,88935262,,,78.0,4.0,1201.0,1236.0,52,519,900,The Review of Economic Studies,3022273187.0,17369.0,,2020-05-13,2404081381,57206974.0,3,Ilan Lobel, New York University<sup>**</sup>,15735,ilan lobel,Ilan Lobel,57206974.0,70,45,1819,2016-06-24
15,1999208159,31843,10.2307/2296040,Journal,rebuilding london a survey in stepney 1946,"Rebuilding London: A Survey in Stepney, 1946",,1945,1945-01-01,,Oxford Academic,88935262,,,13.0,2.0,84.0,108.0,0,0,0,The Review of Economic Studies,,,,2016-06-24,2710591786,,1,T. Barna,,21226,t barna,T. Barna,,1,1,0,2017-06-30
16,2059563926,30634,10.2307/2967522,Journal,the divisibility of time series,The Divisibility of Time Series,,1938,1938-02-01,,Oxford Academic,88935262,,,5.0,2.0,79.0,92.0,0,1,1,The Review of Economic Studies,,,,2016-06-24,2575466505,,1,Elmer C. Bratt,"Bethlehem, Pennsylvania",21127,elmer c bratt,Elmer C. Bratt,,1,1,1,2017-01-26
17,2036699690,23429,10.2307/2298028,Journal,prices vs quantities and delegating price authority to a monopolist,Prices vs. Quantities and Delegating Price Authority to a Monopolist,,1990,1990-07-01,,Oxford University Press,88935262,,,57.0,3.0,521.0,529.0,12,8,8,The Review of Economic Studies,,,,2016-06-24,2641055360,87216513.0,1,Paul Chen,Trade Union Institute for Economic Research and Michigan State University,20200,paul chen,Paul Chen,87216513.0,2,2,9,2017-06-30
18,2043607024,22549,10.2307/2297765,Journal,market structure and the durability of goods,Market Structure and the Durability of Goods,,1983,1983-10-01,,Oxford University Press,88935262,,,50.0,4.0,625.0,637.0,12,19,19,The Review of Economic Studies,,,,2016-06-24,2105354520,1321305853.0,1,Andrew B. Abel,Harvard University and National Bureau of Economic Research.,13435,andrew b abel,Andrew B. Abel,79576946.0,182,89,9986,2016-06-24
19,2122058073,20078,10.1093/RESTUD/RDU017,Journal,does belief heterogeneity explain asset prices the case of the longshot bias,Does Belief Heterogeneity Explain Asset Prices: The Case of the Longshot Bias,,2015,2015-01-01,2014-12-03,Oxford University Press,88935262,,,82.0,1.0,156.0,186.0,55,23,50,The Review of Economic Studies,,,,2016-06-24,112268938,135310074.0,2,Ricardo Serrano-Padial,"Department of Economics, University of Wisconsin, Madison",17498,ricardo serranopadial,Ricardo Serrano-Padial,72816309.0,33,23,142,2016-06-24
19,2122058073,20078,10.1093/RESTUD/RDU017,Journal,does belief heterogeneity explain asset prices the case of the longshot bias,Does Belief Heterogeneity Explain Asset Prices: The Case of the Longshot Bias,,2015,2015-01-01,2014-12-03,Oxford University Press,88935262,,,82.0,1.0,156.0,186.0,55,23,50,The Review of Economic Studies,,,,2016-06-24,2018990801,135310074.0,1,Amit Gandhi,"Department of Economics, University of Wisconsin, Madison",16292,amit gandhi,Amit Gandhi,79576946.0,56,37,848,2016-06-24
20,2011603353,21732,10.1111/1467-937X.00102,Journal,a dynamic tiebout theory of voluntary vs involuntary provision of public goods,A Dynamic Tiebout Theory of Voluntary vs. Involuntary Provision of Public Goods,,1999,1999-07-01,,Oxford University Press,88935262,,,66.0,3.0,659.0,677.0,51,30,55,The Review of Economic Studies,,,,2016-06-24,236654223,184565670.0,2,Roger Lagunoff,Georgetown University,15916,roger lagunoff,Roger Lagunoff,184565670.0,101,57,881,2016-06-24
20,2011603353,21732,10.1111/1467-937X.00102,Journal,a dynamic tiebout theory of voluntary vs involuntary provision of public goods,A Dynamic Tiebout Theory of Voluntary vs. Involuntary Provision of Public Goods,,1999,1999-07-01,,Oxford University Press,88935262,,,66.0,3.0,659.0,677.0,51,30,55,The Review of Economic Studies,,,,2016-06-24,319984302,87216513.0,1,Gerhard Glomm, Michigan State University,15449,gerhard glomm,Gerhard Glomm,592451.0,47,44,2683,2016-06-24
21,1991962563,27179,10.2307/2295985,Journal,utility and the ordinalist fallacy,Utility and the “Ordinalist Fallacy”,,1958,1958-06-01,,Oxford University Press,88935262,,,25.0,3.0,172.0,181.0,0,5,5,The Review of Economic Studies,,,,2016-06-24,2634506521,,1,W. E. Armstrong,,20524,w e armstrong,W. E. Armstrong,,1,1,5,2017-06-30
22,2104652067,19998,10.2307/2297462,Journal,policy cooperation among benevolent governments may be undesirable,Policy Cooperation Among Benevolent Governments May Be Undesirable,,1989,1989-04-01,2016-04-21,Oxford University Press,88935262,,,56.0,2.0,289.0,296.0,11,228,379,The Review of Economic Studies,,,,2016-06-24,841253664,,1,Patrick J. Kehoe,Economics (Twin Cities),13126,patrick j kehoe,Patrick J. Kehoe,97018004.0,314,183,14933,2016-06-24
23,2012869506,29101,10.2307/2967397,Journal,public finance in the national income,Public Finance in the National Income,,1939,1939-02-01,,Oxford University Press,88935262,,,6.0,2.0,147.0,155.0,0,5,5,The Review of Economic Studies,,,,2016-06-24,2424220164,,1,J. R. Hicks,Manchester,12778,j r hicks,John Hicks,40120149.0,144,137,15867,2016-06-24
23,2012869506,29101,10.2307/2967397,Journal,public finance in the national income,Public Finance in the National Income,,1939,1939-02-01,,Oxford University Press,88935262,,,6.0,2.0,147.0,155.0,0,5,5,The Review of Economic Studies,,,,2016-06-24,2701620265,,2,U. K. Hicks,Manchester,21069,u k hicks,U. K. Hicks,,1,1,5,2017-06-30
24,2068572729,24077,10.2307/2296978,Journal,dual stability in a cambridge type model,Dual Stability in a Cambridge-type Model,,1977,1977-02-01,,Oxford Academic,88935262,,,44.0,1.0,143.0,151.0,6,15,15,The Review of Economic Studies,,,,2016-06-24,2189837436,22299242.0,1,Masahiko Aoki,Kyoto University,13990,masahiko aoki,Masahiko Aoki,97018004.0,127,95,7881,2016-06-24
25,2050968111,27232,10.2307/2295821,Journal,cournot points and the conflict curves,Cournot Points and the Conflict Curves,,1962,1962-02-01,,Narnia,88935262,,,29.0,2.0,151.0,153.0,0,2,2,The Review of Economic Studies,,,,2016-06-24,2704830540,190082696.0,1,C. E. Ferguson,"Durham, N. Carolina",21145,c e ferguson,C. E. Ferguson,190082696.0,1,1,2,2017-06-30
26,1995980379,24311,10.2307/2297069,Journal,some dynamic and comparative static properties of a spatial model of production,Some Dynamic and Comparative Static Properties of a Spatial Model of Production,,1977,1977-06-01,,Oxford University Press,88935262,,,44.0,2.0,321.0,327.0,4,7,7,The Review of Economic Studies,,,,2016-06-24,2639124166,154570441.0,1,Takahiro Miyao,University of California Santa Barbara,18904,takahiro miyao,Takahiro Miyao,154570441.0,3,3,29,2017-06-30
27,2058700135,23492,10.2307/2296374,Journal,general equilibrium with a replenishable natural resource,General Equilibrium with a Replenishable Natural Resource,,1974,1974-12-01,,Oxford University Press,88935262,,,41.0,5.0,105.0,115.0,3,18,18,The Review of Economic Studies,,,,2016-06-24,1981573856,122411786.0,1,Vernon L. Smith,#N##TAB##TAB##TAB##TAB# California Institute of Technology#N##TAB##TAB##TAB#,12716,vernon l smith,Vernon L. Smith,185071736.0,600,517,27370,2016-06-24
28,2021272167,23011,10.2307/2298037,Journal,the role of fiscal policy in an incomplete markets framework,The Role of Fiscal Policy in an Incomplete Markets Framework,,1993,1993-09-01,1993-01-01,Oxford University Press,88935262,,,62.0,3.0,449.0,468.0,11,10,10,The Review of Economic Studies,2021272167.0,22866.0,,2016-06-24,2115610650,1317239608.0,1,Charles P. Thomas, Federal Reserve Board,16196,charles p thomas,Charles P. Thomas,1317239608.0,56,43,703,2016-06-24
29,2079363987,19865,10.1111/0034-6527.00328,Journal,fiscal policy with heterogeneous agents and incomplete markets,Fiscal Policy with Heterogeneous Agents and Incomplete Markets,,2005,2005-01-01,2005-01-01,Oxford University Press,88935262,,,72.0,1.0,161.0,188.0,69,167,337,The Review of Economic Studies,2079363987.0,19829.0,,2016-06-24,2662568697,184565670.0,1,Jonathan H Heathcote,Georgetown University,14740,jonathan heathcote,Jonathan Heathcote,1341575764.0,105,51,4450,2017-06-30
30,3121598789,20459,10.1093/RESTUD/RDAA017,Journal,how efficient are decentralized auction platforms,How Efficient are Decentralized Auction Platforms,,2021,2021-02-01,2020-07-03,Oxford Academic,88935262,,,88.0,1.0,91.0,125.0,32,5,5,The Review of Economic Studies,3121598789.0,19750.0,,2021-02-01,1977532190,95457486.0,1,Aaron L Bodoh-Creed,University of California–Berkeley.,17575,aaron bodohcreed,Aaron Bodoh-Creed,95457486.0,27,19,204,2016-06-24
30,3121598789,20459,10.1093/RESTUD/RDAA017,Journal,how efficient are decentralized auction platforms,How Efficient are Decentralized Auction Platforms,,2021,2021-02-01,2020-07-03,Oxford Academic,88935262,,,88.0,1.0,91.0,125.0,32,5,5,The Review of Economic Studies,3121598789.0,19750.0,,2021-02-01,2134955111,204465549.0,3,Brent Hickman,Washington University in St. Louis - Olin Business School,17309,brent r hickman,Brent R. Hickman,204465549.0,34,19,180,2016-06-24
30,3121598789,20459,10.1093/RESTUD/RDAA017,Journal,how efficient are decentralized auction platforms,How Efficient are Decentralized Auction Platforms,,2021,2021-02-01,2020-07-03,Oxford Academic,88935262,,,88.0,1.0,91.0,125.0,32,5,5,The Review of Economic Studies,3121598789.0,19750.0,,2021-02-01,3035014938,84218800.0,2,Jörn Boehnke,Univ. of California Davis,18184,jorn boehnke,Jörn Boehnke,84218800.0,13,8,111,2020-06-19
31,2030056284,21459,10.2307/2297564,Journal,introductory price as a signal of cost in a model of repeat business,Introductory Price as a Signal of Cost in a Model of Repeat Business,,1987,1987-07-01,,Oxford University Press,88935262,,,54.0,3.0,365.0,384.0,0,48,70,The Review of Economic Studies,3122646591.0,21430.0,,2016-06-24,2198106154,111979921.0,1,Kyle Bagwell,Northwestern University,13788,kyle bagwell,Kyle Bagwell,97018004.0,218,128,8389,2016-06-24
32,1992697569,23008,10.2307/2296741,Journal,optimal stabilization policies for deterministic and stochastic linear economic systems,Optimal Stabilization Policies for Deterministic and Stochastic Linear Economic Systems,,1973,1973-01-01,,Oxford Academic,88935262,,,40.0,1.0,79.0,95.0,15,50,75,The Review of Economic Studies,,,,2016-06-24,182548515,118347636.0,1,Stephen J. Turnovsky,AUSTRALIAN NATIONAL UNIVERSITY,13509,stephen j turnovsky,Stephen J. Turnovsky,201448701.0,498,357,11215,2016-06-24
33,2079565123,22586,10.2307/2296996,Journal,effective demand and stochastic rationing,Effective Demand and Stochastic Rationing,,1980,1980-01-01,,Oxford University Press,88935262,,,47.0,2.0,339.0,355.0,6,42,65,The Review of Economic Studies,,,,2016-06-24,2144924962,,1,Lars E. O. Svensson,"Institute for International Economic Studies, Stockholm",13193,lars e o svensson,Lars E.O. Svensson,180242103.0,214,142,14595,2016-06-24
34,2016935967,19278,10.2307/2971731,Journal,estimating outcome distributions for compliers in instrumental variables models,Estimating Outcome Distributions for Compliers in Instrumental Variables Models,,1997,1997-10-01,,Oxford University Press,88935262,,,64.0,4.0,555.0,574.0,11,299,466,The Review of Economic Studies,,,,2016-06-24,710644181,55732556.0,1,Guido W. Imbens,Harvard University and Arizona State University,12571,guido w imbens,Guido W. Imbens,97018004.0,417,242,43339,2016-06-24
34,2016935967,19278,10.2307/2971731,Journal,estimating outcome distributions for compliers in instrumental variables models,Estimating Outcome Distributions for Compliers in Instrumental Variables Models,,1997,1997-10-01,,Oxford University Press,88935262,,,64.0,4.0,555.0,574.0,11,299,466,The Review of Economic Studies,,,,2016-06-24,2121086604,136199984.0,2,Donald B. Rubin,"Harvard University , ",10861,donald b rubin,Donald B. Rubin,99065089.0,573,539,207420,2016-06-24
35,2062181591,26926,10.2307/2967550,Journal,economic theory and socialist economy,Economic Theory and Socialist Economy,,1934,1934-10-01,,Oxford Academic,88935262,,,2.0,1.0,51.0,61.0,0,115,173,The Review of Economic Studies,,,,2016-06-24,2074262669,,1,A. P. Lerner,,14218,abba p lerner,Abba P. Lerner,909854389.0,90,89,3480,2016-06-24
36,2334170303,32344,10.2307/2967417,Journal,uncertainty and inducements to invest,Uncertainty and Inducements to Invest,,1940,1940-10-01,,Oxford University Press,88935262,,,8.0,1.0,49.0,53.0,0,0,0,The Review of Economic Studies,,,,2016-06-24,2684784650,,1,Albert Gailord Hart,"Ames, Iowa, U.S.A.",19540,albert gailord hart,Albert Gailord Hart,,3,3,18,2017-06-30
37,1975068746,23217,10.2307/2296624,Journal,factor substitution and effective tariff rates,Factor Substitution and Effective Tariff Rates,,1971,1971-01-01,,Oxford Academic,88935262,,,38.0,1.0,95.0,103.0,5,15,15,The Review of Economic Studies,,,,2016-06-24,2438856247,118347636.0,2,P. J. Lloyd,AUSTRALIAN NATIONAL UNIVERSITY,14815,p j lloyd,Peter Lloyd,165779595.0,212,184,2173,2016-06-24
37,1975068746,23217,10.2307/2296624,Journal,factor substitution and effective tariff rates,Factor Substitution and Effective Tariff Rates,,1971,1971-01-01,,Oxford Academic,88935262,,,38.0,1.0,95.0,103.0,5,15,15,The Review of Economic Studies,,,,2016-06-24,2464842294,118347636.0,1,H. G. Grubel,"Australian National University, and University of Pennsylvania",14302,herbert g grubel,Herbert G. Grubel,18014758.0,167,156,3374,2016-07-22
38,2902608494,19605,10.1093/RESTUD/RDZ024,Journal,backlash the unintended effects of language prohibition in u s schools after world war i,Backlash: The Unintended Effects of Language Prohibition in U.S. Schools after World War I,,2020,2020-01-01,2019-05-26,Oxford Academic,88935262,,,87.0,1.0,204.0,239.0,83,24,24,The Review of Economic Studies,,,,2018-12-11,2904755838,97018004.0,1,Vasiliki Fouka,Stanford University (),17732,vasiliki fouka,Vasiliki Fouka,97018004.0,27,18,83,2018-12-22
39,2788495288,18545,10.3386/W24732,Journal,the gender earnings gap in the gig economy evidence from over a million rideshare drivers,The Gender Earnings Gap in the Gig Economy: Evidence from over a Million Rideshare Drivers,,2021,2021-09-11,2020-11-27,Oxford Academic,88935262,,,88.0,5.0,2210.0,2238.0,37,46,233,The Review of Economic Studies,2788495288.0,18009.0,,2018-03-06,1673549770,118347636.0,4,John A. List,"University of Chicago, The Australian National University and NBER",12971,john a list,John A. List,40347166.0,833,470,27024,2016-06-24
39,2788495288,18545,10.3386/W24732,Journal,the gender earnings gap in the gig economy evidence from over a million rideshare drivers,The Gender Earnings Gap in the Gig Economy: Evidence from over a Million Rideshare Drivers,,2021,2021-09-11,2020-11-27,Oxford Academic,88935262,,,88.0,5.0,2210.0,2238.0,37,46,233,The Review of Economic Studies,2788495288.0,18009.0,,2018-03-06,2327502534,97018004.0,2,Rebecca Diamond,Stanford University Graduate School of Business and NBER,16546,rebecca diamond,Rebecca Diamond,97018004.0,44,24,726,2016-06-24
39,2788495288,18545,10.3386/W24732,Journal,the gender earnings gap in the gig economy evidence from over a million rideshare drivers,The Gender Earnings Gap in the Gig Economy: Evidence from over a Million Rideshare Drivers,,2021,2021-09-11,2020-11-27,Oxford Academic,88935262,,,88.0,5.0,2210.0,2238.0,37,46,233,The Review of Economic Studies,2788495288.0,18009.0,,2018-03-06,2478329262,2946016260.0,3,Jonathan V. Hall,UBER TECHNOLOGIES INC.,16604,jonathan hall,Jonathan Hall,123387679.0,45,36,600,2016-08-23
39,2788495288,18545,10.3386/W24732,Journal,the gender earnings gap in the gig economy evidence from over a million rideshare drivers,The Gender Earnings Gap in the Gig Economy: Evidence from over a Million Rideshare Drivers,,2021,2021-09-11,2020-11-27,Oxford Academic,88935262,,,88.0,5.0,2210.0,2238.0,37,46,233,The Review of Economic Studies,2788495288.0,18009.0,,2018-03-06,2500028529,97018004.0,5,Paul Oyer,Stanford University Graduate School of Business and NBER,15064,paul oyer,Paul Oyer,97018004.0,115,77,3097,2016-08-23
39,2788495288,18545,10.3386/W24732,Journal,the gender earnings gap in the gig economy evidence from over a million rideshare drivers,The Gender Earnings Gap in the Gig Economy: Evidence from over a Million Rideshare Drivers,,2021,2021-09-11,2020-11-27,Oxford Academic,88935262,,,88.0,5.0,2210.0,2238.0,37,46,233,The Review of Economic Studies,2788495288.0,18009.0,,2018-03-06,2787886272,97018004.0,1,Cody Cook, Stanford University - Graduate School of Business,18381,cody cook,Cody Cook,97018004.0,9,5,95,2018-03-06
40,3021853058,20834,10.1093/RESTUD/RDY020,Journal,financial intermediary capital,Financial Intermediary Capital,,2019,2019-01-01,2018-04-23,Oxford Academic,88935262,,,86.0,1.0,413.0,455.0,27,18,135,The Review of Economic Studies,3021853058.0,19809.0,,2020-05-13,2064023134,170897317.0,1,Adriano A Rampini,Duke University#TAB#,15425,adriano a rampini,Adriano A. Rampini,170897317.0,65,37,1981,2016-06-24
40,3021853058,20834,10.1093/RESTUD/RDY020,Journal,financial intermediary capital,Financial Intermediary Capital,,2019,2019-01-01,2018-04-23,Oxford Academic,88935262,,,86.0,1.0,413.0,455.0,27,18,135,The Review of Economic Studies,3021853058.0,19809.0,,2020-05-13,2193592270,170897317.0,2,S. Viswanathan,Duke University#TAB#,14467,s viswanathan,S. Viswanathan,170897317.0,70,51,7546,2016-06-24
41,2187484857,21178,10.1093/RESTUD/RDZ019,Journal,manipulated electorates and information aggregation,Manipulated Electorates and Information Aggregation,,2019,2019-06-04,2019-06-04,Oxford Academic,88935262,,,87.0,2.0,997.0,1033.0,43,4,4,The Review of Economic Studies,3124151354.0,20484.0,,2016-06-24,1217651391,103531236.0,1,Mehmet Ekmekci,BOSTON COLL.,16987,mehmet ekmekci,Mehmet Ekmekci,103531236.0,54,33,260,2016-06-24
41,2187484857,21178,10.1093/RESTUD/RDZ019,Journal,manipulated electorates and information aggregation,Manipulated Electorates and Information Aggregation,,2019,2019-06-04,2019-06-04,Oxford Academic,88935262,,,87.0,2.0,997.0,1033.0,43,4,4,The Review of Economic Studies,3124151354.0,20484.0,,2016-06-24,2736868466,135140700.0,2,Stephan Lauermann,University of Bonn >  >  >  >,17291,stephan lauermann,Stephan Lauermann,135140700.0,40,25,188,2017-07-31
42,3149045527,24084,,Repository,the value of health,The Value of Health,,2008,2008-09-19,2008-09-19,Erasmus University Rotterdam,88935262,,,,,,,0,0,0,The Review of Economic Studies,3124173466.0,21769.0,,2021-04-13,297777625,,1,Han Bleichrodt,,14715,han bleichrodt,Han Bleichrodt,118347636.0,177,135,5430,2016-06-24
43,3124794303,19135,10.3386/W9402,Journal,optimal monetary policy,Optimal Monetary Policy,,2003,2003-10-01,2002-06-01,Oxford Academic,88935262,,,70.0,4.0,825.0,860.0,44,321,506,The Review of Economic Studies,3124794303.0,18749.0,,2021-02-01,2108659890,1317239608.0,2,Robert G. King,"Boston University, Federal Reserve Bank of Richmond and NBER",12613,robert g king,Robert G. King,1293035123.0,206,132,21386,2016-06-24
43,3124794303,19135,10.3386/W9402,Journal,optimal monetary policy,Optimal Monetary Policy,,2003,2003-10-01,2002-06-01,Oxford Academic,88935262,,,70.0,4.0,825.0,860.0,44,321,506,The Review of Economic Studies,3124794303.0,18749.0,,2021-02-01,2171748836,1317239608.0,3,Alexander L. Wolman,Federal Reserve Bank of Richmond,14842,alexander l wolman,Alexander L. Wolman,1317239608.0,109,68,2387,2016-06-24
43,3124794303,19135,10.3386/W9402,Journal,optimal monetary policy,Optimal Monetary Policy,,2003,2003-10-01,2002-06-01,Oxford Academic,88935262,,,70.0,4.0,825.0,860.0,44,321,506,The Review of Economic Studies,3124794303.0,18749.0,,2021-02-01,2264750587,57502794.0,1,Aubhik Khan,Federal Reserve Bank of Philadelphia.,15679,aubhik khan,Aubhik Khan,52357470.0,95,60,1521,2016-06-24
44,3125068877,20535,10.3386/W20031,Journal,an empirical model of wage dispersion with sorting,AN EMPIRICAL MODEL OF WAGE DISPERSION WITH SORTING,,2019,2019-01-01,2018-05-11,Oxford Academic,88935262,,,86.0,1.0,153.0,190.0,44,16,180,The Review of Economic Studies,3125068877.0,19435.0,,2021-02-01,2230980683,184558857.0,1,Jesper Bagger,Royal Holloway and the Dale T. Mortensen Centre,17239,jesper bagger,Jesper Bagger,184558857.0,35,23,247,2016-06-24
44,3125068877,20535,10.3386/W20031,Journal,an empirical model of wage dispersion with sorting,AN EMPIRICAL MODEL OF WAGE DISPERSION WITH SORTING,,2019,2019-01-01,2018-05-11,Oxford Academic,88935262,,,86.0,1.0,153.0,190.0,44,16,180,The Review of Economic Studies,3125068877.0,19435.0,,2021-02-01,2712676550,135310074.0,2,Rasmus Lentz,University of Wisconsin-Madison and the Dale T. Mortensen Centre,16163,rasmus lentz,Rasmus Lentz,135310074.0,49,29,843,2017-06-30
45,2321531421,29637,10.2307/2967667,Journal,voluntary absenteeism in the cutlery trade,Voluntary Absenteeism in the Cutlery Trade,,1942,1942-07-01,,Oxford University Press,88935262,,,9.0,2.0,158.0,180.0,0,0,0,The Review of Economic Studies,,,,2016-06-24,2700407528,142263535.0,1,F. A. Wells,Nottingham ,21226,f a wells,F. A. Wells,142263535.0,1,1,0,2017-06-30
46,3138983397,20456,10.1093/RESTUD/RDAB010,Journal,recoverability and expectations driven fluctuations,Recoverability and Expectations-Driven Fluctuations,,2021,2021-03-10,2021-03-10,Oxford University Press (OUP),88935262,,,,,,,28,2,2,The Review of Economic Studies,,,,2021-03-29,2006061283,103531236.0,1,Ryan Chahrour,BOSTON COLL.,16827,ryan chahrour,Ryan Chahrour,103531236.0,68,40,177,2016-06-24
46,3138983397,20456,10.1093/RESTUD/RDAB010,Journal,recoverability and expectations driven fluctuations,Recoverability and Expectations-Driven Fluctuations,,2021,2021-03-10,2021-03-10,Oxford University Press (OUP),88935262,,,,,,,28,2,2,The Review of Economic Studies,,,,2021-03-29,2124549426,170897317.0,2,Kyle Jurado,Duke University#TAB#,18842,kyle jurado,Kyle Jurado,170897317.0,9,6,30,2016-06-24
47,2075535574,20391,10.2307/2297617,Journal,rational expectations and policy credibility following a change in regime,Rational Expectations and Policy Credibility Following a Change in Regime,,1985,1985-04-01,,Oxford Academic,88935262,,,52.0,2.0,211.0,221.0,15,209,426,The Review of Economic Studies,,,,2016-06-24,798586631,43439940.0,2,John Driffill,University of Southampton *,14905,john driffill,John Driffill,98259816.0,107,100,2814,2016-06-24
47,2075535574,20391,10.2307/2297617,Journal,rational expectations and policy credibility following a change in regime,Rational Expectations and Policy Credibility Following a Change in Regime,,1985,1985-04-01,,Oxford Academic,88935262,,,52.0,2.0,211.0,221.0,15,209,426,The Review of Economic Studies,,,,2016-06-24,2305187979,204722609.0,1,David Backus,(Queen's University) ,13770,david backus,David Backus,57206974.0,170,100,8839,2016-06-24
48,2001229562,24111,10.2307/2297309,Journal,uncertain lifetime imperfect insurance markets and the valuation of pension wealth,"Uncertain Lifetime, Imperfect Insurance Markets and the Valuation of Pension Wealth",,1980,1980-04-01,,Oxford University Press,88935262,,,47.0,3.0,587.0,593.0,3,5,5,The Review of Economic Studies,,,,2016-06-24,2245829225,45129253.0,1,David Ulph,University College London†,15076,david ulph,David Ulph,16835326.0,137,105,2321,2016-06-24
48,2001229562,24111,10.2307/2297309,Journal,uncertain lifetime imperfect insurance markets and the valuation of pension wealth,"Uncertain Lifetime, Imperfect Insurance Markets and the Valuation of Pension Wealth",,1980,1980-04-01,,Oxford University Press,88935262,,,47.0,3.0,587.0,593.0,3,5,5,The Review of Economic Studies,,,,2016-06-24,2660089809,,2,Richard Hemming,"Institute for Fiscal Studies, London",15115,richard hemming,Richard Hemming,1310145890.0,114,97,1600,2017-06-30
49,2087686923,20464,10.2307/2296336,Journal,a note on uncertainty and indifference curves,A Note on Uncertainty and Indifference Curves,,1969,1969-01-01,,Oxford Academic,88935262,,,36.0,1.0,1.0,4.0,3,230,347,The Review of Economic Studies,,,,2016-06-24,1971259573,,1,K. Borch,"Institute of Insurance, Bergen, Norway",13804,karl borch,Karl Borch,931913249.0,72,70,2593,2016-06-24
50,2035400820,28407,10.2307/2967571,Journal,a note on the theory of price index numbers,A Note on the Theory of Price Index Numbers,,1935,1935-10-01,,Oxford University Press,88935262,,,3.0,1.0,50.0,56.0,0,14,14,The Review of Economic Studies,,,,2016-06-24,2718870972,,1,A. P. Lerner,,17008,a p lerner,A. P. Lerner,,1,1,14,2017-06-30
51,1522486097,20245,10.1093/RESTUD/RDZ063,Journal,labour market frictions firm growth and international trade,"Labour Market Frictions, Firm Growth, and International Trade",,2020,2020-05-01,2019-12-24,Oxford University Press,88935262,,,87.0,3.0,1213.0,1260.0,97,9,65,The Review of Economic Studies,,,,2016-06-24,1582189576,161318765.0,1,Pablo D Fajgelbaum,University of California at Los Angeles,16544,pablo d fajgelbaum,Pablo D. Fajgelbaum,161318765.0,44,19,745,2016-06-24
52,1976089841,28741,10.2307/2295993,Journal,the belgian monetary reform,The Belgian Monetary Reform,,1947,1947-01-01,,Oxford Academic,88935262,,,15.0,2.0,51.0,69.0,0,2,2,The Review of Economic Studies,,,,2016-06-24,2615157620,,1,de Ridder,Brussels,20390,de ridder,de Ridder,,2,2,3,2017-05-26
53,2115433729,19221,10.1093/RESTUD/RDS041,Journal,leadership coordination and corporate culture,"Leadership, Coordination, and Corporate Culture",,2013,2013-04-01,2012-12-05,Oxford University Press,88935262,,,80.0,2.0,512.0,537.0,50,106,216,The Review of Economic Studies,,,,2016-06-24,63060059,20089843.0,2,Markus K. Brunnermeier,Princeton University,13589,markus k brunnermeier,Markus K. Brunnermeier,20089843.0,224,146,16287,2016-06-24
53,2115433729,19221,10.1093/RESTUD/RDS041,Journal,leadership coordination and corporate culture,"Leadership, Coordination, and Corporate Culture",,2013,2013-04-01,2012-12-05,Oxford University Press,88935262,,,80.0,2.0,512.0,537.0,50,106,216,The Review of Economic Studies,,,,2016-06-24,304354277,57206974.0,3,Laura Veldkamp, New York University<sup>**</sup>,14820,laura veldkamp,Laura Veldkamp,78577930.0,154,83,4237,2016-06-24
53,2115433729,19221,10.1093/RESTUD/RDS041,Journal,leadership coordination and corporate culture,"Leadership, Coordination, and Corporate Culture",,2013,2013-04-01,2012-12-05,Oxford University Press,88935262,,,80.0,2.0,512.0,537.0,50,106,216,The Review of Economic Studies,,,,2016-06-24,2576382012,78577930.0,1,Patrick Bolton,Columbia University ,13281,patrick bolton,Patrick Bolton,78577930.0,345,228,16469,2017-01-26
54,1566812888,21433,10.2307/2297866,Journal,noisy observation in adverse selection models,Noisy Observation in Adverse Selection Models,,1992,1992-07-01,,Oxford University Press,88935262,,,59.0,3.0,595.0,615.0,10,60,89,The Review of Economic Studies,1566812888.0,21025.0,,2016-06-24,113344029,,2,Roger Guesnerie,"DELTA, Paris",14207,roger guesnerie,Roger Guesnerie,57995698.0,267,201,3995,2016-06-24
54,1566812888,21433,10.2307/2297866,Journal,noisy observation in adverse selection models,Noisy Observation in Adverse Selection Models,,1992,1992-07-01,,Oxford University Press,88935262,,,59.0,3.0,595.0,615.0,10,60,89,The Review of Economic Studies,1566812888.0,21025.0,,2016-06-24,1976311073,,1,Bernard Caillaud,"CEPREMAP, Paris",15147,bernard caillaud,Bernard Caillaud,57995698.0,64,46,2458,2016-06-24
54,1566812888,21433,10.2307/2297866,Journal,noisy observation in adverse selection models,Noisy Observation in Adverse Selection Models,,1992,1992-07-01,,Oxford University Press,88935262,,,59.0,3.0,595.0,615.0,10,60,89,The Review of Economic Studies,1566812888.0,21025.0,,2016-06-24,2122623332,84009706.0,3,Patrick Rey,ENSAE Paris,13837,patrick rey,Patrick Rey,17866349.0,249,176,7400,2016-06-24
55,2138577360,20182,10.1093/RESTUD/RDT005,Journal,sales talk cancellation terms and the role of consumer protection,"Sales Talk, Cancellation Terms and the Role of Consumer Protection",,2013,2013-07-01,2013-01-25,Oxford University Press,88935262,,,80.0,3.0,1002.0,1026.0,28,41,72,The Review of Economic Studies,2138577360.0,20000.0,,2016-06-24,2122906092,71209653.0,2,Marco Ottaviani,Bocconi University,15164,marco ottaviani,Marco Ottaviani,71209653.0,110,76,2851,2016-06-24
55,2138577360,20182,10.1093/RESTUD/RDT005,Journal,sales talk cancellation terms and the role of consumer protection,"Sales Talk, Cancellation Terms and the Role of Consumer Protection",,2013,2013-07-01,2013-01-25,Oxford University Press,88935262,,,80.0,3.0,1002.0,1026.0,28,41,72,The Review of Economic Studies,2138577360.0,20000.0,,2016-06-24,2621348631,114090438.0,1,Roman Inderst,Johann Wolfgang Goethe University Frankfurt and Imperial College London,14658,roman inderst,Roman Inderst,114090438.0,307,208,3726,2017-06-09
56,3121773797,20611,10.1093/RESTUD/RDX001,Journal,the perils of nominal targets,The Perils of Nominal Targets,,2014,2014-02-01,2017-01-08,Oxford Academic,88935262,,,85.0,1.0,50.0,86.0,56,12,12,The Review of Economic Studies,3121773797.0,20083.0,,2021-02-01,2250585918,57502794.0,1,Roc Armenter,Federal Reserve Bank of Philadelphia.,16345,roc armenter,Roc Armenter,57502794.0,83,47,397,2016-06-24
57,3125142172,20376,10.1111/1467-937X.00231,Journal,monotone matching in perfect and imperfect worlds,Monotone Matching in Perfect and Imperfect Worlds,,2002,2002-10-01,,"Department of Economics, Columbia University",88935262,,,69.0,4.0,925.0,942.0,24,94,162,The Review of Economic Studies,3125142172.0,20085.0,,2021-02-01,2066364389,45129253.0,2,Andrew Frederick Newman,University College London and CEPR,14765,andrew f newman,Andrew F. Newman,111088046.0,99,65,3640,2016-06-24
57,3125142172,20376,10.1111/1467-937X.00231,Journal,monotone matching in perfect and imperfect worlds,Monotone Matching in Perfect and Imperfect Worlds,,2002,2002-10-01,,"Department of Economics, Columbia University",88935262,,,69.0,4.0,925.0,942.0,24,94,162,The Review of Economic Studies,3125142172.0,20085.0,,2021-02-01,2121385745,132053463.0,1,Patrick Legros,"ECARES, Universite Libre de Bruxelles, and CEPR; .",14970,patrick legros,Patrick Legros,132053463.0,180,116,2006,2016-06-24
58,2335522175,28934,10.2307/2967416,Journal,the nature of the inducement to invest,The Nature of the Inducement to Invest,,1940,1940-10-01,,Oxford University Press,88935262,,,8.0,1.0,44.0,48.0,0,5,5,The Review of Economic Studies,,,,2016-06-24,2497521332,,1,G. L. S. Shackle,,14596,g l s shackle,G. L. S. Shackle,146655781.0,93,83,3093,2016-08-23
59,2138587560,23242,10.2307/2297653,Journal,a note on commodity taxation the choice of variable and the slutsky hessian and antonelli matrices sham,"A Note on Commodity Taxation: The Choice of Variable and the Slutsky, Hessian and Antonelli Matrices (SHAM)",,1986,1986-04-01,,Oxford University Press,88935262,,,53.0,2.0,293.0,299.0,7,13,13,The Review of Economic Studies,,,,2016-06-24,2158917522,909854389.0,1,Nicholas Stern,London  School of Economics,12941,nicholas stern,Nicholas Stern,909854389.0,388,344,22730,2016-06-24
60,2064310955,29990,10.2307/2967642,Journal,elasticities of demand for tea and price fixing policy,Elasticities of Demand for Tea and Price-Fixing Policy,,1939,1939-06-01,,Oxford University Press,88935262,,,6.0,3.0,165.0,176.0,0,2,2,The Review of Economic Studies,,,,2016-06-24,2716497795,,1,E. J. Broster,,20815,e j broster,E. J. Broster,,1,1,2,2017-06-30
61,2021335424,20905,10.2307/2297160,Journal,testing linear and log linear regressions for functional form,Testing Linear and Log-Linear Regressions for Functional Form,,1981,1981-07-01,,Oxford Academic,88935262,,,48.0,3.0,487.0,496.0,16,116,174,The Review of Economic Studies,,,,2016-06-24,3121185945,43439940.0,2,M. R. Wickens,University of Southampton *,16659,m r wickens,M. R. Wickens,43439940.0,2,2,302,2021-02-01
61,2021335424,20905,10.2307/2297160,Journal,testing linear and log linear regressions for functional form,Testing Linear and Log-Linear Regressions for Functional Form,,1981,1981-07-01,,Oxford Academic,88935262,,,48.0,3.0,487.0,496.0,16,116,174,The Review of Economic Studies,,,,2016-06-24,3125152153,52099693.0,1,L. G. Godfrey,University of York,17582,l g godfrey,L. G. Godfrey,52099693.0,1,1,116,2021-02-01
62,2333249371,26935,10.2307/2296666,Journal,on the stability of the golden rule path in the hayekian production process case,On the Stability of the Golden Rule Path in the Hayekian Production Process Case,,1968,1968-07-01,,Oxford University Press,88935262,,,35.0,3.0,335.0,345.0,0,1,1,The Review of Economic Studies,,,,2016-06-24,2096465152,69740276.0,1,K. Inada,Tokyo Metropolitan University and Stanford University,17578,kenichi inada,Ken-ichi Inada,69740276.0,9,9,94,2016-06-24
63,1967101123,21018,10.2307/2297322,Journal,on income distribution incentive effects and optimal income taxation,"On Income Distribution, Incentive Effects and Optimal Income Taxation",,1976,1976-06-01,,Narnia,88935262,,,43.0,2.0,261.0,267.0,4,182,273,The Review of Economic Studies,,,,2016-06-24,1985088989,135310074.0,1,Efraim Sadka,Tel-Aviv University and the University of Wisconsin,14371,efraim sadka,Efraim Sadka,16391192.0,283,212,3680,2016-06-24
64,2016615041,24246,10.2307/2296471,Journal,buffer stocks and reaction coefficients an experiment with decision making under risk,Buffer Stocks and Reaction Coefficients: An Experiment with Decision Making under Risk,,1969,1969-10-01,,Narnia,88935262,,,36.0,4.0,467.0,484.0,0,19,19,The Review of Economic Studies,,,,2016-06-24,2114703269,219193219.0,1,John A. Carlson,PURDUE UNIVERSITY.,15208,john a carlson,John A. Carlson,219193219.0,70,60,1516,2016-06-24
64,2016615041,24246,10.2307/2296471,Journal,buffer stocks and reaction coefficients an experiment with decision making under risk,Buffer Stocks and Reaction Coefficients: An Experiment with Decision Making under Risk,,1969,1969-10-01,,Narnia,88935262,,,36.0,4.0,467.0,484.0,0,19,19,The Review of Economic Studies,,,,2016-06-24,2286591525,219193219.0,2,Terrence B. O'Keefe,PURDUE UNIVERSITY.,19723,terrence b okeefe,Terrence B. O'Keefe,219193219.0,1,1,19,2016-06-24
65,1982838327,23617,10.2307/2297667,Journal,rawls maximin criterion and time consistency further results,Rawls' Maximin Criterion and Time-Consistency: Further Results,,1985,1985-07-01,,Oxford University Press,88935262,,,52.0,3.0,505.0,513.0,0,14,14,The Review of Economic Studies,,,,2016-06-24,1908383908,135140700.0,1,Wolfgang Leininger,University of Bonn >  >  >  >,15585,wolfgang leininger,Wolfgang Leininger,1340728805.0,93,60,1551,2016-06-24
66,2033275507,23438,10.2307/2297178,Journal,on the definition and measurement of instability and the costs of buffering export fluctuations,On the Definition and Measurement of Instability and the Costs of Buffering Export Fluctuations,,1979,1979-01-01,,Oxford University Press,88935262,,,46.0,1.0,149.0,162.0,4,22,22,The Review of Economic Studies,,,,2016-06-24,2647783913,110002522.0,1,A. H. Gelb,University of Essex and Queen's University,18784,alan h gelb,Alan H. Gelb,110002522.0,3,3,33,2017-06-30
67,2247408821,20150,10.1093/RESTUD/RDV053,Journal,health risky behaviour and the value of medical innovation for infectious disease,"Health, Risky Behaviour and the Value of Medical Innovation for Infectious Disease",,2016,2016-10-01,2015-10-29,Oxford University Press,88935262,,,83.0,4.0,1465.0,1510.0,32,13,13,The Review of Economic Studies,,,,2016-06-24,2250411786,145311948.0,3,Nicholas W. Papageorge,"Department of Economics, John Hopkins University",16628,nicholas w papageorge,Nicholas W. Papageorge,145311948.0,64,31,604,2016-06-24
67,2247408821,20150,10.1093/RESTUD/RDV053,Journal,health risky behaviour and the value of medical innovation for infectious disease,"Health, Risky Behaviour and the Value of Medical Innovation for Infectious Disease",,2016,2016-10-01,2015-10-29,Oxford University Press,88935262,,,83.0,4.0,1465.0,1510.0,32,13,13,The Review of Economic Studies,,,,2016-06-24,2251504322,204465549.0,1,Tat Y. Chan,"Olin Business School, Washington University, St. Louis#TAB#",16341,tat y chan,Tat Y. Chan,204465549.0,67,54,898,2016-06-24
67,2247408821,20150,10.1093/RESTUD/RDV053,Journal,health risky behaviour and the value of medical innovation for infectious disease,"Health, Risky Behaviour and the Value of Medical Innovation for Infectious Disease",,2016,2016-10-01,2015-10-29,Oxford University Press,88935262,,,83.0,4.0,1465.0,1510.0,32,13,13,The Review of Economic Studies,,,,2016-06-24,2305839050,204465549.0,2,Barton H. Hamilton,"Olin Business School, Washington University, St. Louis#TAB#",14711,barton h hamilton,Barton H. Hamilton,204465549.0,89,77,5921,2016-06-24
68,3080116135,22240,10.1093/RESTUD/RDAA051,Journal,self enforcing agreements and forward induction reasoning,Self-enforcing Agreements and Forward Induction Reasoning,,2021,2021-03-22,2020-08-25,Oxford Academic,88935262,,,88.0,2.0,610.0,642.0,37,3,3,The Review of Economic Studies,,,,2020-09-01,2921672578,118501908.0,1,Emiliano Catonini,"National Research University Higher School of Economics, Moscow International College of Economics and Finance",18499,emiliano catonini,Emiliano Catonini,118501908.0,14,10,27,2019-03-22
69,2014379114,26109,10.2307/2296890,Journal,social decision functions and strongly decisive sets,Social Decision Functions and Strongly Decisive Sets,,1981,1981-04-01,,California Institute of Technology,88935262,,,48.0,2.0,343.0,349.0,0,3,3,The Review of Economic Studies,2014379114.0,25463.0,,2016-06-24,332988674,162514690.0,1,Edward W. Packel,Lake Forest College.,15661,edward w packel,Edward W. Packel,162514690.0,51,45,1266,2016-06-24
70,2023609659,19426,10.1093/RESTUD/RDU033,Journal,goods prices and availability in cities,Goods Prices and Availability in Cities,,2015,2015-01-01,2014-09-18,Oxford University Press,88935262,,,82.0,1.0,258.0,296.0,40,93,136,The Review of Economic Studies,2023609659.0,19017.0,,2016-06-24,2250742331,78577930.0,2,David E Weinstein,Columbia University & NBER.,13787,david e weinstein,David E. Weinstein,78577930.0,201,117,9337,2016-06-24
70,2023609659,19426,10.1093/RESTUD/RDU033,Journal,goods prices and availability in cities,Goods Prices and Availability in Cities,,2015,2015-01-01,2014-09-18,Oxford University Press,88935262,,,82.0,1.0,258.0,296.0,40,93,136,The Review of Economic Studies,2023609659.0,19017.0,,2016-06-24,2305360024,79576946.0,1,Jessie Handbury,University of Pennsylvania and NBER,16908,jessie handbury,Jessie Handbury,79576946.0,37,20,457,2016-06-24
71,2145411167,17104,10.1093/RESTUD/RDR043,Journal,optimal bandwidth choice for the regression discontinuity estimator,Optimal Bandwidth Choice for the Regression Discontinuity Estimator,,2010,2010-03-04,2010-03-04,Oxford University Press,88935262,,,79.0,3.0,933.0,959.0,31,1076,2601,The Review of Economic Studies,2145411167.0,16988.0,,2016-06-24,710644181,136199984.0,1,Guido Imbens,"Harvard University , ",12571,guido w imbens,Guido W. Imbens,97018004.0,417,242,43339,2016-06-24
71,2145411167,17104,10.1093/RESTUD/RDR043,Journal,optimal bandwidth choice for the regression discontinuity estimator,Optimal Bandwidth Choice for the Regression Discontinuity Estimator,,2010,2010-03-04,2010-03-04,Oxford University Press,88935262,,,79.0,3.0,933.0,959.0,31,1076,2601,The Review of Economic Studies,2145411167.0,16988.0,,2016-06-24,2022713482,45129253.0,2,Karthik Kalyanaraman,University College London†,16472,karthik kalyanaraman,Karthik Kalyanaraman,45129253.0,5,2,1258,2016-06-24
72,2145759776,21466,10.1093/RESTUD/RDS014,Journal,intertemporal distortions in the second best,Intertemporal distortions in the second best,,2012,2012-10-01,2012-02-22,Oxford University Press,88935262,,,79.0,4.0,1271.0,1307.0,66,18,18,The Review of Economic Studies,2145759776.0,20655.0,,2016-06-24,2250585918,57502794.0,2,Roc Armenter,Federal Reserve Bank of Philadelphia.,16345,roc armenter,Roc Armenter,57502794.0,83,47,397,2016-06-24
72,2145759776,21466,10.1093/RESTUD/RDS014,Journal,intertemporal distortions in the second best,Intertemporal distortions in the second best,,2012,2012-10-01,2012-02-22,Oxford University Press,88935262,,,79.0,4.0,1271.0,1307.0,66,18,18,The Review of Economic Studies,2145759776.0,20655.0,,2016-06-24,2667366509,43638361.0,1,Stefania Albanesi,"Federal Reserve Bank of New York, NBER and CEPR",15492,stefania albanesi,Stefania Albanesi,170201317.0,100,49,1283,2017-06-30
73,2766991205,19174,10.3386/W23930,Journal,shadow banking and the four pillars of traditional financial intermediation,Shadow Banking and the Four Pillars of Traditional Financial Intermediation,,2021,2021-11-15,2020-10-13,National Bureau of Economic Research,88935262,,,88.0,6.0,2622.0,2653.0,42,17,17,The Review of Economic Studies,2766991205.0,18160.0,,2017-11-10,695037722,,2,Jean Tirole,TSE and IAST,11727,jean tirole,Jean Tirole,17866349.0,548,396,76601,2016-06-24
73,2766991205,19174,10.3386/W23930,Journal,shadow banking and the four pillars of traditional financial intermediation,Shadow Banking and the Four Pillars of Traditional Financial Intermediation,,2021,2021-11-15,2020-10-13,National Bureau of Economic Research,88935262,,,88.0,6.0,2622.0,2653.0,42,17,17,The Review of Economic Studies,2766991205.0,18160.0,,2017-11-10,1967465536,136199984.0,1,Emmanuel Farhi,#N#Harvard University and NBER#N#,14209,emmanuel farhi,Emmanuel Farhi,136199984.0,213,109,5754,2016-06-24
74,2883711290,19706,10.1093/RESTUD/RDY053,Journal,two step estimation and inference with possibly many included covariates,Two-Step Estimation and Inference with Possibly Many Included Covariates,,2019,2019-05-01,2018-11-09,Oxford Academic,88935262,,,86.0,3.0,1095.0,1122.0,45,21,21,The Review of Economic Studies,2883711290.0,18956.0,,2018-08-03,2155018376,95457486.0,2,Michael Jansson,UC Berkeley and CREATES,15826,michael jansson,Michael Jansson,95457486.0,103,51,1346,2016-06-24
74,2883711290,19706,10.1093/RESTUD/RDY053,Journal,two step estimation and inference with possibly many included covariates,Two-Step Estimation and Inference with Possibly Many Included Covariates,,2019,2019-05-01,2018-11-09,Oxford Academic,88935262,,,86.0,3.0,1095.0,1122.0,45,21,21,The Review of Economic Studies,2883711290.0,18956.0,,2018-08-03,2235865026,27837315.0,1,Matias D Cattaneo,†University of Michigan,15172,matias d cattaneo,Matias D. Cattaneo,20089843.0,130,65,3968,2016-06-24
74,2883711290,19706,10.1093/RESTUD/RDY053,Journal,two step estimation and inference with possibly many included covariates,Two-Step Estimation and Inference with Possibly Many Included Covariates,,2019,2019-05-01,2018-11-09,Oxford Academic,88935262,,,86.0,3.0,1095.0,1122.0,45,21,21,The Review of Economic Studies,2883711290.0,18956.0,,2018-08-03,2774219151,27837315.0,3,Xinwei Ma,†University of Michigan,17592,xinwei ma,Xinwei Ma,36258959.0,18,9,312,2017-12-22
75,3195105953,20005,10.1093/RESTUD/RDAB053,Journal,priority design in centralized matching markets,Priority Design in Centralized Matching Markets,,2021,2021-09-10,2021-09-10,Oxford University Press (OUP),88935262,,,,,,,38,0,0,The Review of Economic Studies,3195105953.0,19248.0,,2021-08-30,3018676360,63966007.0,2,Joel P Flynn,"MIT Department of Economics, ",19602,joel p flynn,Joel P. Flynn,63966007.0,5,4,1,2020-05-01
75,3195105953,20005,10.1093/RESTUD/RDAB053,Journal,priority design in centralized matching markets,Priority Design in Centralized Matching Markets,,2021,2021-09-10,2021-09-10,Oxford University Press (OUP),88935262,,,,,,,38,0,0,The Review of Economic Studies,3195105953.0,19248.0,,2021-08-30,3027271649,63966007.0,1,Oğuzhan Çelebi,"MIT Department of Economics, ",19840,oguzhan celebi,Oguzhan Celebi,63966007.0,4,3,0,2020-05-29
76,2031240809,24370,10.2307/2297372,Journal,a note on imperfect information and optimal pollution control,A Note on Imperfect Information and Optimal Pollution Control,,1982,1982-07-01,,Oxford University Press,88935262,,,49.0,3.0,483.0,484.0,0,7,7,The Review of Economic Studies,,,,2016-06-24,88491379,909854389.0,1,Rafael Repullo,London  School of Economics,14590,rafael repullo,Rafael Repullo,30588936.0,127,75,3783,2016-06-24
77,2327373470,24666,10.2307/2296769,Journal,embodied technology and the aggregation of fixed and movable capital goods,Embodied Technology and the Aggregation of Fixed and Movable Capital Goods,,1968,1968-10-01,,Oxford University Press,88935262,,,35.0,4.0,417.0,428.0,7,13,13,The Review of Economic Studies,,,,2016-06-24,2140674952,63966007.0,1,F. M. Fisher,Massachusetts Institute Of Technology#TAB#,13480,franklin m fisher,Franklin M. Fisher,63966007.0,226,209,6224,2016-06-24
78,1993431807,31184,10.2307/2967629,Journal,south african native taxation,South African Native Taxation,,1936,1936-06-01,,Oxford Academic,88935262,,,3.0,3.0,217.0,225.0,0,2,2,The Review of Economic Studies,,,,2016-06-24,2315600106,,1,Daphne Trevor,,21172,daphne trevor,Daphne Trevor,,1,1,2,2016-06-24
79,3170639077,24087,,Journal,comment on gourieroux monfort renne 2019 identification and estimation in non fundamental structural varma models,"Comment on Gouriéroux, Monfort, Renne (2019): Identification and Estimation in Non-Fundamental Structural VARMA Models",,2020,2020-10-06,,Wiley Blackwell,88935262,,,,,,,0,0,0,The Review of Economic Studies,,,,2021-06-22,3170597986,,1,Bernd Funovits,Economics,21226,bernd funovits,Bernd Funovits,,1,1,0,2021-06-22
80,2007311657,31476,10.2307/2967499,Journal,the doctrine of liquidity,The Doctrine of Liquidity,,1936,1936-02-01,,Oxford University Press,88935262,,,3.0,2.0,81.0,99.0,0,1,1,The Review of Economic Studies,,,,2016-06-24,2708692488,,1,A. M. Neuman,London and Warsaw,21116,a m neuman,A. M. Neuman,,1,1,1,2017-06-30
81,2565028248,21271,10.1093/RESTUD/RDW061,Journal,characterizing the strategic impact of misspecified beliefs,Characterizing the Strategic Impact of Misspecified Beliefs,,2016,2016-12-24,2017-04-07,Oxford University Press,88935262,,,84.0,4.0,1424.0,1471.0,40,3,3,The Review of Economic Studies,,,,2017-01-06,32590788,71209653.0,2,Alfredo Di Tillio,Department of Economics and IGIER Bocconi University,17444,alfredo di tillio,Alfredo Di Tillio,71209653.0,32,16,191,2016-06-24
81,2565028248,21271,10.1093/RESTUD/RDW061,Journal,characterizing the strategic impact of misspecified beliefs,Characterizing the Strategic Impact of Misspecified Beliefs,,2016,2016-12-24,2017-04-07,Oxford University Press,88935262,,,84.0,4.0,1424.0,1471.0,40,3,3,The Review of Economic Studies,,,,2017-01-06,1784397480,142094635.0,3,Eduardo Faingold,"Department of Economics and Cowles Foundation, Yale University",17817,eduardo faingold,Eduardo Faingold,32971472.0,21,14,123,2016-06-24
81,2565028248,21271,10.1093/RESTUD/RDW061,Journal,characterizing the strategic impact of misspecified beliefs,Characterizing the Strategic Impact of Misspecified Beliefs,,2016,2016-12-24,2017-04-07,Oxford University Press,88935262,,,84.0,4.0,1424.0,1471.0,40,3,3,The Review of Economic Studies,,,,2017-01-06,2140766012,165932596.0,1,Yi Chun Chen,"Natl Univ Singapore, National University of Singapore, Dept Econ",17254,yichun chen,Yi-Chun Chen,165932596.0,38,32,215,2016-06-24
81,2565028248,21271,10.1093/RESTUD/RDW061,Journal,characterizing the strategic impact of misspecified beliefs,Characterizing the Strategic Impact of Misspecified Beliefs,,2016,2016-12-24,2017-04-07,Oxford University Press,88935262,,,84.0,4.0,1424.0,1471.0,40,3,3,The Review of Economic Studies,,,,2017-01-06,2155088746,36234482.0,4,Siyang Xiong,Department of Economics University of Bristol,17886,siyang xiong,Siyang Xiong,74775410.0,20,14,99,2016-06-24
82,2034703352,20041,10.1111/1467-937X.00210,Journal,gradualism in trade agreements with asymmetric countries,Gradualism in Trade Agreements with Asymmetric Countries,,2002,2002-04-01,,Oxford University Press,88935262,,,69.0,2.0,379.0,406.0,19,87,125,The Review of Economic Studies,,,,2016-06-24,2309724804,130769515.0,1,Eric W. Bond,Pennsylvania State University,15045,eric w bond,Eric W. Bond,200719446.0,151,119,2782,2016-06-24
82,2034703352,20041,10.1111/1467-937X.00210,Journal,gradualism in trade agreements with asymmetric countries,Gradualism in Trade Agreements with Asymmetric Countries,,2002,2002-04-01,,Oxford University Press,88935262,,,69.0,2.0,379.0,406.0,19,87,125,The Review of Economic Studies,,,,2016-06-24,2656880621,185443292.0,2,Jee–Hyeong Park,Wayne State University,17205,jeehyeong park,Jee-Hyeong Park,139264467.0,22,15,357,2017-06-30
83,2016519202,22382,10.2307/2296848,Journal,asset management with trading uncertainty,Asset Management with Trading Uncertainty,,1975,1975-07-01,,"Cambridge, M.I.T",88935262,,,42.0,3.0,327.0,346.0,9,46,71,The Review of Economic Studies,,,,2016-06-24,539934106,149899117.0,1,Martin Hellwig,"Max Planck Institute for Research on Collective Goods, Max Planck Society",13580,martin hellwig,Martin Hellwig,149899117.0,460,352,8570,2016-06-24
83,2016519202,22382,10.2307/2296848,Journal,asset management with trading uncertainty,Asset Management with Trading Uncertainty,,1975,1975-07-01,,"Cambridge, M.I.T",88935262,,,42.0,3.0,327.0,346.0,9,46,71,The Review of Economic Studies,,,,2016-06-24,3170221966,97018004.0,2,Duncan K. Foley,Stanford University (),18285,duncan k foley,Duncan K. Foley,97018004.0,2,2,53,2021-06-22
84,2057548426,23125,10.2307/2297350,Journal,optimal depletion of an exhaustible resource with research and development towards an alternative technology,Optimal Depletion of an Exhaustible Resource with Research and Development towards an Alternative Technology,,1978,1978-06-01,,Oxford University Press,88935262,,,45.0,2.0,355.0,367.0,0,45,68,The Review of Economic Studies,,,,2016-06-24,2138628914,82284825.0,1,R. Davison,(Cranfield Institute of Technology),19365,r davison,R. Davison,82284825.0,1,1,45,2016-06-24
85,2030596253,20123,10.2307/2297604,Journal,two stage and related estimators and their applications,Two Stage and Related Estimators and Their Applications,,1986,1986-08-01,,"Australian National University, Faculty of Economics and Research School of Social Sciences",88935262,,,53.0,4.0,517.0,538.0,42,335,501,The Review of Economic Studies,2030596253.0,20100.0,,2016-06-24,2256793010,118347636.0,1,Adrian Pagan,AUSTRALIAN NATIONAL UNIVERSITY,12884,adrian pagan,Adrian Pagan,129604602.0,264,211,20317,2016-06-24
86,2102876955,20468,10.1093/RESTUD/RDV022,Journal,mediation and peace,Mediation and Peace,,2015,2015-10-01,2015-05-15,Oxford University Press,88935262,,,82.0,4.0,1483.0,1501.0,62,28,115,The Review of Economic Studies,2102876955.0,19701.0,,2016-06-24,2132742444,32971472.0,1,Johannes Hörner,Yale University - Department of Economics,15889,johannes horner,Johannes Hörner,32971472.0,108,61,1187,2016-06-24
86,2102876955,20468,10.1093/RESTUD/RDV022,Journal,mediation and peace,Mediation and Peace,,2015,2015-10-01,2015-05-15,Oxford University Press,88935262,,,82.0,4.0,1483.0,1501.0,62,28,115,The Review of Economic Studies,2102876955.0,19701.0,,2016-06-24,2334098285,39555362.0,3,Francesco Squintani,"§University of Warwick, Department of Economics.",15850,francesco squintani,Francesco Squintani,39555362.0,71,55,1265,2016-06-24
86,2102876955,20468,10.1093/RESTUD/RDV022,Journal,mediation and peace,Mediation and Peace,,2015,2015-10-01,2015-05-15,Oxford University Press,88935262,,,82.0,4.0,1483.0,1501.0,62,28,115,The Review of Economic Studies,2102876955.0,19701.0,,2016-06-24,2460688526,71209653.0,2,Massimo Morelli,"Bocconi University, IGIER and NBER",15334,massimo morelli,Massimo Morelli,71209653.0,181,119,2129,2016-07-22
87,2737459242,19781,10.3386/W24091,Journal,house price beliefs and mortgage leverage choice,House Price Beliefs And Mortgage Leverage Choice,,2019,2019-11-01,2018-11-21,Oxford Academic,88935262,,,86.0,6.0,2403.0,2452.0,53,43,121,The Review of Economic Studies,2737459242.0,19236.0,,2017-07-31,1907787367,57206974.0,4,Johannes Stroebel,"New York University, Stern School of Business, NBER, and CEPR",15354,johannes stroebel,Johannes Stroebel,57206974.0,109,56,1492,2016-06-24
87,2737459242,19781,10.3386/W24091,Journal,house price beliefs and mortgage leverage choice,House Price Beliefs And Mortgage Leverage Choice,,2019,2019-11-01,2018-11-21,Oxford Academic,88935262,,,86.0,6.0,2403.0,2452.0,53,43,121,The Review of Economic Studies,2737459242.0,19236.0,,2017-07-31,2009124291,57206974.0,3,Theresa Kuchler,New York University – Stern School of Business,16523,theresa kuchler,Theresa Kuchler,57206974.0,60,32,702,2016-06-24
87,2737459242,19781,10.3386/W24091,Journal,house price beliefs and mortgage leverage choice,House Price Beliefs And Mortgage Leverage Choice,,2019,2019-11-01,2018-11-21,Oxford Academic,88935262,,,86.0,6.0,2403.0,2452.0,53,43,121,The Review of Economic Studies,2737459242.0,19236.0,,2017-07-31,2104742959,2252078561.0,1,Michael Bailey,Facebook,15655,michael bailey,Michael Bailey,2252078561.0,96,74,2308,2016-06-24
87,2737459242,19781,10.3386/W24091,Journal,house price beliefs and mortgage leverage choice,House Price Beliefs And Mortgage Leverage Choice,,2019,2019-11-01,2018-11-21,Oxford Academic,88935262,,,86.0,6.0,2403.0,2452.0,53,43,121,The Review of Economic Studies,2737459242.0,19236.0,,2017-07-31,2801462323,57206974.0,2,Eduardo Dávila,"New York University, Stern School of Business and NBER",17016,eduardo davila,Eduardo Dávila,32971472.0,39,18,213,2018-05-17
88,3124429440,19945,10.1111/1467-937X.00232,Journal,estimating demand for local telephone service with asymmetric information and optional calling plans,Estimating Demand for Local Telephone Service with Asymmetric Information and Optional Calling Plans,,2002,2002-10-01,2002-10-01,Oxford University Press,88935262,,,69.0,4.0,943.0,971.0,43,114,209,The Review of Economic Studies,3124429440.0,19577.0,,2021-02-01,2148519383,79576946.0,1,Eugenio Javier Miravete,University of Pennsylvania and CEPR,15642,eugenio j miravete,Eugenio J. Miravete,86519309.0,82,56,1170,2016-06-24