Orley Ashenfelter,Editor,1994,2001
Roger H. Gordon,Co-Editors,1994,1994
R. Preston Mcafee,Co-Editors,1994,2002
Kenneth D.West,Co-Editors,1994,1994
J. David Baldwin,Managing Editor,1994,1995
Joseph G. Altonji,Board Of Editors,1994,1994
Alan J. Auerbach,Board Of Editors,1994,1997
Kyle W. Bagwell,Board Of Editors,1994,1996
Rebecca M. Blank,Board Of Editors,1994,1997
Robin W. Boadway,Board Of Editors,1994,1994
Timothy F. Bresnahan,Board Of Editors,1994,1995
John Y. Campbell,Board Of Editors,1994,1996
H. Lorne Carmichael,Board Of Editors,1994,1997
Stephen G. Cecchetti,Board Of Editors,1994,1994,1996,1998
Lawrence J. Christiano,Board Of Editors,1994,1995
George W. Evans,Board Of Editors,1994,1994
Nancy Gallini,Board Of Editors,1994,1998
Robert H. Haveman,Board Of Editors,1994,1995
Robert J. Hodrick,Board Of Editors,1994,1995
Kevin D. Hoover,Board Of Editors,1994,1994
R. Mark Isaac,Board Of Editors,1994,1998
Paul. L. Joskow,Board Of Editors,1994,1995
John H. Kagel,Board Of Editors,1994,1995
John F. Kennan,Board Of Editors,1994,1995
John Mcmillan,Board Of Editors,1994,1995
Paul R. Milgrom,Board Of Editors,1994,1999
Robert H. Porter,Board Of Editors,1994,1996
John Roberts,Board Of Editors,1994,1995
Paul Romer,Board Of Editors,1994,1996
Suzanne A. Scotchmer,Board Of Editors,1994,1995
Matthew D. Shapiro,Board Of Editors,1994,1996,2000,2002
Jeremy Stein,Board Of Editors,1994,1996
Hal. R. Varian,Board Of Editors,1994,1994
David W. Wilox,Board Of Editors,1994,1994
John D. Wilson,Board Of Editors,1994,1994
Leslie Young,Board Of Editors,1994,1994
Dennis N. Epple,Co-Editors,1995,1999
Kenneth D. West,Co-Editors,1995,1996
David P. Baron,Board Of Editors,1995,2000
Stephen G. Cecchetiti,Board Of Editors,1995,1995
Steven N. Durlauf,Board Of Editors,1995,1996
Roger H. Gordon,Board Of Editors,1995,1995
Adam B. Jaffe,Board Of Editors,1995,2000
Gary R. Solon,Board Of Editors,1995,1996
Hal R. Varian,Board Of Editors,1995,1996
W. Kip Viscusi,Board Of Editors,1995,2000
Carl E. Walsh,Board Of Editors,1995,2000
David W. Wilcox,Board Of Editors,1995,1997
Jennifer A. Johnson,Managing Editor,1996,1996
James E. Anderson,Board Of Editors,1996,1998
Theodore C. Bergstrom,Board Of Editors,1996,1997,1999,2001
Charles C. Brown,Board Of Editors,1996,2001
Timothy S. Fuerst,Board Of Editors,1996,2001
Don Fullerton,Board Of Editors,1996,2001
Gene M. Grossman,Board Of Editors,1996,1998
Paul L. Joskow,Board Of Editors,1996,1999
Karen K. Lewis,Board Of Editors,1996,1997,2000,2002
Robert A. Moffitt,Board Of Editors,1996,2001
Valerie A. Ramey,Board Of Editors,1996,1998
Sergio T. Rebelo,Board Of Editors,1996,2001
Jennifer F. Reinganum,Board Of Editors,1996,2001
Nancy L. Rose,Board Of Editors,1996,1997
Andrew R. Schotter,Board Of Editors,1996,2001
Curtis R. Taylor,Board Of Editors,1996,2001
Matthew D. Shapiro,Co-Editors,1997,1999
Lynn Fleisher,Production Editor,1997,1997
David K. Backus,Board Of Editors,1997,1997
Kyle W.Bagwell,Board Of Editors,1997,1997
Timothy J. Besley,Board Of Editors,1997,1999
Jordi Gali,Board Of Editors,1997,1998,2001,2001
Christina H. Paxson,Board Of Editors,1997,2000
Wolfgang Pesendorfer,Board Of Editors,1997,2002
Richard E. Romano,Board Of Editors,1997,2002
David H. Romer,Board Of Editors,1997,2002
David E. M. Sappington,Board Of Editors,1997,1998
Gary Solon,Board Of Editors,1997,1999
Kenneth D. West,Board Of Editors,1997,1999
Michael D. Woodford,Board Of Editors,1997,1999
Lynn Fleisher,Managing Editor,1998,2004
Susanto Basu,Board Of Editors,1998,2000
Francine D. Blau,Board Of Editors,1998,2002
Martin S. Gaynor,Board Of Editors,1998,2003
Gordon Hanson,Board Of Editors,1998,1998
Deirdre Mccloskey,Board Of Editors,1998,1998
Peter C. Reiss,Board Of Editors,1998,2003
David N. Weil,Board Of Editors,1998,2000
Randall Wright,Board Of Editors,1998,2000
Allan Drazen,Board Of Editors,1999,2003
Jeffrey C. Fuhrer,Board Of Editors,1999,2003
Jordi Gal ́I,Board Of Editors,1999,1999
Gordon H. Hanson,Board Of Editors,1999,2003
Charles A. Holt,Board Of Editors,1999,2004
Tracy R. Lewis,Board Of Editors,1999,2003
Valeriea.Ramey,Board Of Editors,1999,1999
Davide.M.Sappington,Board Of Editors,1999,1999
Robert W. Staiger,Board Of Editors,1999,2003
Timothy J. Besley,Co-Editors,2000,2005
Valerie A. Ramey,Co-Editors,2000,2001
James Andreoni,Board Of Editors,2000,2004
Dennis N. Epple,Board Of Editors,2000,2003
Jordi Gali ́,Board Of Editors,2000,2000
Michelle R. Garfinkel,Board Of Editors,2000,2001
David Genesove,Board Of Editors,2000,2004
Robert A. Margo,Board Of Editors,2000,2004
Michael R Ransom,Board Of Editors,2000,2004
Michael H. Riordan,Board Of Editors,2000,2004
Anne C. Case,Board Of Editors,2001,2006
Judith A. Chevalier,Board Of Editors,2001,2002
Scott Freeman,Board Of Editors,2001,2002
Peter N. Ireland,Board Of Editors,2001,2006
Peter J. Klenow,Board Of Editors,2001,2006
Enrique G. Mendoza,Board Of Editors,2001,2006
Gilbert E. Metcalf,Board Of Editors,2001,2006
M. Scott Taylor,Board Of Editors,2001,2006
Daniel R. Vincent,Board Of Editors,2001,2006
Ben S. Bernanke,Editor,2002,2004
Orley Ashenfelter,Co-Editors,2002,2002
Joshua D. Angrist,Board Of Editors,2002,2003
A. Craig Burnside,Board Of Editors,2002,2006
Robert C. Feenstra,Board Of Editors,2002,2006
Daniel Friedman,Board Of Editors,2002,2006
Michellle R. Garfinkel,Board Of Editors,2002,2002
Benjamin E. Hermalin,Board Of Editors,2002,2006
Rachele.Kranton,Board Of Editors,2002,2002
Stephen Morris,Board Of Editors,2002,2006
Thomas J. Nechyba,Board Of Editors,2002,2006
Raghuram G. Rajan,Board Of Editors,2002,2003
Carmen M. Reinhart,Board Of Editors,2002,2005
B. Douglas Bernheim,Co-Editors,2003,2005
David Card,Co-Editors,2003,2005
Richard Rogerson,Co-Editors,2003,2008
Susan Athey,Board Of Editors,2003,2005
Andrew Atkeson,Board Of Editors,2003,2008
Colin Camerer,Board Of Editors,2003,2008
Donald Davis,Board Of Editors,2003,2004
Charles Engel,Board Of Editors,2003,2008
Hilary Hoynes,Board Of Editors,2003,2007
Patrick Kehoe,Board Of Editors,2003,2008
Rachel E. Kranton,Board Of Editors,2003,2006
R. Preston Mcafee,Board Of Editors,2003,2005
James B. Rebitzer,Board Of Editors,2003,2005
Ilya Segal,Board Of Editors,2003,2005
Dennis N.Epple,Board Of Editors,2004,2004
Thomas Lemieux,Board Of Editors,2004,2007
Giovanni Maggi,Board Of Editors,2004,2006
Lones Smith,Board Of Editors,2004,2009
Kenneth Wolpin,Board Of Editors,2004,2004
Robert A. Moffitt,Editor,2005,2010
Ben Bernanke,Co-Editors,2005,2005
Jeremy Bulow,Co-Editors,2005,2008
Judith Chevalier,Co-Editors,2005,2007
Mark Gertler,Co-Editors,2005,2008,2010,2010
Jane Emily Voros,Managing Editor,2005,2010
Michelle Deblasi,Assistant Managing Editor,2005,2006
Mark Bils,Board Of Editors,2005,2007
Stephen Coate,Board Of Editors,2005,2010
Janice C. Eberly,Board Of Editors,2005,2010
Simon Gilchrist,Board Of Editors,2005,2010
John C. Heaton,Board Of Editors,2005,2007
Thomas N. Hubbard,Board Of Editors,2005,2007
John A. List,Board Of Editors,2005,2010
Steven Tadelis,Board Of Editors,2005,2007
Vincent Crawford,Co-Editors,2006,2008
Abhijit Banerjee,Board Of Editors,2006,2008
B. Douglas Bernheim,Board Of Editors,2006,2006
Gary Charness,Board Of Editors,2006,2014
Ming Huang,Board Of Editors,2006,2011
John Leahy,Board Of Editors,2006,2009
Jonathan Levin,Board Of Editors,2006,2014
Frank Schorfheide,Board Of Editors,2006,2011
Peter Schott,Board Of Editors,2006,2008
Joel Sobel,Board Of Editors,2006,2009
Steven Stern,Board Of Editors,2006,2008
Christopher Udry,Board Of Editors,2006,2010
John C. Williams,Board Of Editors,2006,2008
Steven M. Stelling,Assistant Managing Editor,2007,2009
Bruce Blonigen,Board Of Editors,2007,2009
Ralph Braid,Board Of Editors,2007,2011
Rachel Croson,Board Of Editors,2007,2012
Daniel Diermeier,Board Of Editors,2007,2008
Dirk Krueger,Board Of Editors,2007,2008
James Levinsohn,Board Of Editors,2007,2009
Shelly Lundberg,Board Of Editors,2007,2014
Kaivan Munshi,Board Of Editors,2007,2011
Monica Piazzesi,Board Of Editors,2007,2008
Holger Sieg,Board Of Editors,2007,2011
Andrzej Skrzypacz,Board Of Editors,2007,2011
Pinelopi Koujianou Goldberg,Co-Editors,2008,2008,2010,2010
Judith Chevalier,Board Of Editors,2008,2008
Dora Costa,Board Of Editors,2008,2014
Miguel Costa-Gomes,Board Of Editors,2008,2014
Hanming Fang,Board Of Editors,2008,2014
David Green,Board Of Editors,2008,2014
Christian Hellwig,Board Of Editors,2008,2010
Botond K?Szegi,Board Of Editors,2008,2008
Rohini Pande,Board Of Editors,2008,2014
Nina Pavcnik,Board Of Editors,2008,2017
Christopher Timmins,Board Of Editors,2008,2017
Vincent Crawford,Coeditors,2009,2009
Mark Gertler,Coeditors,2009,2009
Pinelopi Koujianou,Coeditors,2009,2009,2017,2017
Goldberg,Coeditors,2009,2009
Dirk Krueger,Coeditors,2009,2009,2011,2011
Alessandro Lizzeri,Coeditors,2009,2009,2011,2011
Richard Rogerson,Coeditors,2009,2009
Matthias Doepke,Board Of Editors,2009,2011,2016,2023
Jesús Fernándezvillaverde,Board Of Editors,2009,2010
Igal Hendal,Board Of Editors,2009,2009
Botond Kó´Szegi,Board Of Editors,2009,2010
Sydney Ludvigson,Board Of Editors,2009,2011
Ricardo Reis,Board Of Editors,2009,2014
Esteban Rossi-Hansberg,Board Of Editors,2009,2011,2018,2023
Petra Todd,Board Of Editors,2009,2011
Dirk Krueger,Co-Editors,2010,2010
Alessandro Lizzeri,Co-Editors,2010,2010
Joel Sobel,Co-Editors,2010,2010
Steven M. Stelling,Acting Managing Editor,2010,2010
Pol Antràs,Board Of Editors,2010,2014
Markus Brunnermeier,Board Of Editors,2010,2012
Gita Gopinath,Board Of Editors,2010,2012
Igal Hendel,Board Of Editors,2010,2014
Guido Lorenzoni,Board Of Editors,2010,2012,2018,2022
Nicola Persico,Board Of Editors,2010,2012
Balazs Szentes,Board Of Editors,2010,2010
Romain Wacziarg,Board Of Editors,2010,2012
Leeat Yariv,Board Of Editors,2010,2018
Stephen Yeaple,Board Of Editors,2010,2012
Pinelopi Koujianou Goldberg,Editor,2011,2016
Martin Eichenbaum,Coeditors,2011,2014
Hilary Hoynes,Coeditors,2011,2016
Larry Samuelson,Coeditors,2011,2016
Steven M. Stelling,Managing Editor,2011,2023
Emmanuel Farhi,Board Of Editors,2011,2013
Jesús Fernández Villaverde,Board Of Editors,2011,2011
Gautam Gowrisankaran,Board Of Editors,2011,2017
Ali Hortaçsu,Board Of Editors,2011,2014
Botond KőSzegi,Board Of Editors,2011,2014,2019,2020
Giuseppe Moscarini,Board Of Editors,2011,2017
Fiona Scott Morton,Board Of Editors,2011,2014
Balázs Szentes,Board Of Editors,2011,2012,2019,2021
Eric Verhoogen,Board Of Editors,2011,2017
Marianne Bertrand,Coeditors,2012,2017
Luigi Pistaferri,Coeditors,2012,2017
Debraj Ray,Coeditors,2012,2020
Andrzej Skrzypacz,Coeditors,2012,2014
Mark Aguiar,Board Of Editors,2012,2014
Sandra Black,Board Of Editors,2012,2013
Simon Board,Board Of Editors,2012,2014,2016,2018
Craig Burnside,Board Of Editors,2012,2020
Dirk Engelmann,Board Of Editors,2012,2017
Michael Fishman,Board Of Editors,2012,2014
William Fuchs,Board Of Editors,2012,2014
Shachar Kariv,Board Of Editors,2012,2014
Navin Kartik,Board Of Editors,2012,2020
Ilan Kremer,Board Of Editors,2012,2014
Gilat Levy,Board Of Editors,2012,2017
Jonathan Parker,Board Of Editors,2012,2020
Parag Pathak,Board Of Editors,2012,2014,2016,2018
Jesse Rothstein,Board Of Editors,2012,2020
Rajiv Sethi,Board Of Editors,2012,2020
Sarah Turner,Board Of Editors,2012,2017
Lise Vesterlund,Board Of Editors,2012,2014
Kelly Markel,Assistant Managing Editor,2013,2014
Ariel Burstein,Board Of Editors,2013,2022
Steven Callander,Board Of Editors,2013,2021
Sylvain Chassang,Board Of Editors,2013,2021
Timothy Feddersen,Board Of Editors,2013,2016
Veronica Guerrieri,Board Of Editors,2013,2018
Brian Knight,Board Of Editors,2013,2022
Arvind Krishnamurthy,Board Of Editors,2013,2021
Hamish Low,Board Of Editors,2013,2018
Matthew Mitchell,Board Of Editors,2013,2015
Dilip Mookherjee,Board Of Editors,2013,2016
Philip Oreopoulos,Board Of Editors,2013,2022
Fabrizio Perri,Board Of Editors,2013,2021
Amir Sufi,Board Of Editors,2013,2021
Jón Steinsson,Board Of Editors,2014,2018
Mark Aguiar,Coeditors,2015,2017
Roland Bénabou,Coeditors,2015,2020
John Leahy,Coeditors,2015,2017
Kelly Markel,Assistant Managing Editors,2015,2015
Matthew A. Roberson,Assistant Managing Editors,2015,2015
Manuel Amador,Board Of Editors,2015,2023
Marco Bassetto,Board Of Editors,2015,2017
Arnaud Costinot,Board Of Editors,2015,2022
Dave Donaldson,Board Of Editors,2015,2017
Jeffrey Ely,Board Of Editors,2015,2016
Roland Fryer,Board Of Editors,2015,2017
Katherine Ho,Board Of Editors,2015,2015
Erik Hurst,Board Of Editors,2015,2017
Seema Jayachandran,Board Of Editors,2015,2018
Bart Lipman,Board Of Editors,2015,2018
Ted O’Donoghue,Board Of Editors,2015,2017
Edward Schlee,Board Of Editors,2015,2017
Nageeb Ali,Board Of Editors,2016,2023
Leah Boustan,Board Of Editors,2016,2023
Jens Ludwig,Board Of Editors,2016,2022
Kelly Markel,Associate Managing Editor,2016,2017
Matthew A. Roberson,Assistant Managing Editor,2016,2021
Esther Duflo,Editor,2017,2022
Stefano Dellavigna,Coeditors,2017,2023
Jeffrey Ely,Coeditors,2017,2021,2023,2023
 Goldberg,Coeditors,2017,2017
Heski Bar-Isaac,Board Of Editors,2017,2023
Paul Beaudry,Board Of Editors,2017,2019
Alessandra Casella,Board Of Editors,2017,2023
Tomasz Strzalecki,Board Of Editors,2017,2023
John Van Reenen,Board Of Editors,2017,2023
Liran Einav,Coeditors,2018,2022
Mikhail Golosov,Coeditors,2018,2023
Gita Gopinath,Coeditors,2018,2019
Thomas Lemieux,Coeditors,2018,2020
Emi Nakamura,Coeditors,2018,2023
Daniel Benjamin,Board Of Editors,2018,2023
Michael Grubb,Board Of Editors,2018,2022
Marina Halac,Board Of Editors,2018,2022
Bård Harstad,Board Of Editors,2018,2021
Guido Imbens,Board Of Editors,2018,2020
Sebnem Kalemli-Özcan,Board Of Editors,2018,2018
Loukas Karabarbounis,Board Of Editors,2018,2022
Moritz Meyer-Ter-Vehn,Board Of Editors,2018,2022
Brent Neiman,Board Of Editors,2018,2022
Pietro Ortoleva,Board Of Editors,2018,2020
Ronny Razin,Board Of Editors,2018,2023
Kathryn Spier,Board Of Editors,2018,2023
Charles Sprenger,Board Of Editors,2018,2023
Jakub Steiner,Board Of Editors,2018,2023
Henrik Kleven,Coeditors,2019,2021
David Atkin,Board Of Editors,2019,2023
Martha Bailey,Board Of Editors,2019,2023
Gordon Dahl,Board Of Editors,2019,2023
Geoffroy De Clippel,Board Of Editors,2019,2023
Federico Echenique,Board Of Editors,2019,2021
ŞEbnem Kalemli-Özcan,Board Of Editors,2019,2021
Ellen Mcgrattan,Board Of Editors,2019,2022
Alisdair Mckay,Board Of Editors,2019,2022
Amanda Pallais,Board Of Editors,2019,2023
Thomas Philippon,Board Of Editors,2019,2022
Emmanuel Saez,Board Of Editors,2019,2023
Vasiliki Skreta,Board Of Editors,2019,2023
Stefanie Stantcheva,Board Of Editors,2019,2020
Justin Sydnor,Board Of Editors,2019,2023
Francesco Trebbi,Board Of Editors,2019,2023
Aleh Tsyvinski,Board Of Editors,2019,2023
Pierre Yared,Board Of Editors,2019,2023
Pierre-Olivier Gourinchas,Coeditors,2020,2022
Isaiah Andrews,Board Of Editors,2020,2021
Ned Augenblick,Board Of Editors,2020,2023
Eduardo Azevedo,Board Of Editors,2020,2023
Georgy Egorov,Board Of Editors,2020,2023
Patrick Francois,Board Of Editors,2020,2023
Oleg Itskhoki,Board Of Editors,2020,2022
Ryan Oprea,Board Of Editors,2020,2022
Juan Ortner,Board Of Editors,2020,2022
Bruno Strulovici,Board Of Editors,2020,2022
Alireza Tahbaz-Selehi,Board Of Editors,2020,2020,2022,2023
Nico Voigtlander,Board Of Editors,2020,2023
Sylvain Chassang,Coeditors,2021,2023
Chinhui Juhn,Coeditors,2021,2023
Pietro Ortoleva,Coeditors,2021,2023
Aislinn Bohren,Board Of Editors,2021,2023
Gabriel Carroll,Board Of Editors,2021,2023
Arun Chandrasekhar,Board Of Editors,2021,2023
Nagore Iriberri,Board Of Editors,2021,2022
Botond Köszegi,Board Of Editors,2021,2022
Qingmin Liu,Board Of Editors,2021,2022
Filip MatěJka,Board Of Editors,2021,2021
Antonio Penta,Board Of Editors,2021,2023
Eduardo Perez-Richet,Board Of Editors,2021,2023
Alireza Tahbaz-Salehi,Board Of Editors,2021,2021
Juusso Toikka,Board Of Editors,2021,2021
Isaiah Andrews,Coeditors,2022,2023
Jeffery Ely,Coeditors,2022,2022
John Friedman,Coeditors,2022,2023
Rema Hanna,Coeditors,2022,2023
Katja Seim,Coeditors,2022,2023
Yann Bramoulle,Board Of Editors,2022,2023
Aimee Chin,Board Of Editors,2022,2023
Mark Dean,Board Of Editors,2022,2023
Ying Fan,Board Of Editors,2022,2023
Simone Galperti,Board Of Editors,2022,2023
Daniel Gottlieb,Board Of Editors,2022,2023
Eric Gould,Board Of Editors,2022,2022
Paul Grieco,Board Of Editors,2022,2022
Joshua Hausman,Board Of Editors,2022,2022
Jean-Francois Houde,Board Of Editors,2022,2022
Kelsey Jack,Board Of Editors,2022,2022
Sebnem Kalemli-Ozcan,Board Of Editors,2022,2022
Fuhito Kojima,Board Of Editors,2022,2022
Filip Matejka,Board Of Editors,2022,2022
Karel Mertens,Board Of Editors,2022,2022
James Roberts,Board Of Editors,2022,2023
Katja Seim,Board Of Editors,2022,2022
Johannes Spinnewijn,Board Of Editors,2022,2023
Olivier Tercieux,Board Of Editors,2022,2023
Jusso Toikka,Board Of Editors,2022,2023
Jeff Wooldridge,Board Of Editors,2022,2023
Ariana Mapua,Assistant Managing Editor,2022,2023
Erzo F.P. Luttmer,Editor,2023,2023
Arnaud Costinot,Coeditors,2023,2023
Eric Gould,Coeditors,2023,2023
Paul Grieco,Coeditors,2023,2023
Michael Grubb,Coeditors,2023,2023
Marina Halac,Coeditors,2023,2023
Joshua Hausman,Coeditors,2023,2023
Jean-Francois Houde,Coeditors,2023,2023
Nagore Iriberri,Coeditors,2023,2023
Oleg Itskhoki,Coeditors,2023,2023
Kelsey Jack,Coeditors,2023,2023
Sebnem Kalemli-Ozcan,Coeditors,2023,2023
Loukas Karabarbounis,Coeditors,2023,2023
Fuhito Kojima,Coeditors,2023,2023
Botond Köszegi,Coeditors,2023,2023
Qingmin Liu,Coeditors,2023,2023
Guido Lorenzoni,Coeditors,2023,2023
Jens Ludwig,Coeditors,2023,2023
Filip Matejka,Coeditors,2023,2023
Ellen Mcgrattan,Coeditors,2023,2023
Alisdair Mckay,Coeditors,2023,2023
Karel Mertens,Coeditors,2023,2023
Moritz Meyer-Ter-Vehn,Coeditors,2023,2023
Ryan Oprea,Coeditors,2023,2023
Juan Ortner,Coeditors,2023,2023
Lars Vilhuber,Data Editor,2023,2023
