Olivier J. Blanchard,Board Of Editors,1994,1998,
Lawrence F. Katz,Board Of Editors,1994,2023,
Andrei Shleifer,Board Of Editors,1994,2023,
George Akerlof,Associate Editors,1994,2018,
Rudiger Dornbusch,Associate Editors,1994,1998,
Michael H. Riordan,Associate Editors,1994,1996,
Alberto Alesina,Associate Editors,1994,2015,
Robert Gibbons,Associate Editors,1994,1998,
Kenneth Rogoff,Associate Editors,1994,1995,
Abhijit Banerjee,Associate Editors,1994,1995,
Claudia Goldin,Associate Editors,1994,2023,
David Romer,Associate Editors,1994,1998,
George J. Borjas,Associate Editors,1994,1998,
Gene Grossman,Associate Editors,1994,2002,
Julio Rotemberg,Associate Editors,1994,1998,
Colin Camerer,Associate Editors,1994,2000,
Alan B. Krueger,Associate Editors,1994,1996,
Jeremy Stein,Associate Editors,1994,2006,
Harriet E. Hoffman,Assistant Editor,1994,2006,
Andrei Schleifer,Board Of Editors,1996,1996,
Oliver Hart,Associate Editors,1996,2003,
Richard Thaler,Associate Editors,1996,2005,
Janet Currie,Associate Editors,1996,2014,
Michael Woodford,Associate Editors,1996,2000,
Alwyn Young,Associate Editors,1996,2005,
Roland Benabou,Associate Editors,1997,2000,
George J. Boijas,Associate Editors,1997,1997,
James Hines,Associate Editors,1997,2000,
Raghuram Rajan,Associate Editors,1998,2002,
Roland B6Nabou,Associate Editors,1998,1998,
John Bound,Associate Editors,1998,2008,
Michael Kremer,Associate Editors,1998,2008,
Alberto Alesina,Board Of Editors,1999,2004,
Edward L. Glaeser,Board Of Editors,1999,2008,
Daron Acemoglu,Associate Editors,1999,2002,
Steven Levitt,Associate Editors,1999,2000,
Roberto Perotti,Associate Editors,1999,2002,
David Baron,Associate Editors,1999,2006,
Charles Jones,Associate Editors,1999,2019,
Judith Chevalier,Associate Editors,1999,2003,
Dennis Epple,Associate Editors,2001,2005,
Susan C. Athey,Associate Editors,2001,2008,
Ernst Fehr,Associate Editors,2001,2014,
Andrew Caplin,Associate Editors,2001,2008,
Michael Waldman,Associate Editors,2001,2014,
Marianne Bertrand,Associate Editors,2003,2011,
Eliana La Ferrara,Associate Editors,2003,2006,
Bruce Sacerdote,Associate Editors,2003,2023,
Jaume Ventura,Associate Editors,2003,2003,
William Easterly,Associate Editors,2004,2008,
Robert Margo,Associate Editors,2004,2014,
Robert J. Barro,Board Of Editors,2005,2023,
Glenn Ellison,Associate Editors,2005,2014,
Michael Waldma,Associate Editors,2005,2005,
Pol Antras,Associate Editors,2006,2010,
Edward O'Donoghue,Associate Editors,2006,2010,
Narayana Kocherlakota,Associate Editors,2006,2006,
Pol Antr?S,Associate Editors,2007,2007,
Andrew Atkeson,Associate Editors,2007,2021,
Timothy Besley,Associate Editors,2007,2022,
Trina Ott,Assistant Editor,2007,2017,
Peter Klenow,Associate Editors,2008,2014,
Elhanan Helpman,Board Of Editors,2009,2014,
Stephen Coate,Associate Editors,2009,2015,
Pol Antràs,Associate Editors,2009,2014,
Edward Miguel,Associate Editors,2009,2014,
Drew Fudenberg,Associate Editors,2009,2017,
Esteban Rossi-Hansberg,Associate Editors,2009,2018,
David Card,Associate Editors,2009,2020,
Francesco Caselli,Associate Editors,2010,2011,
Erzo F.P. Luttmer,Associate Editors,2010,2011,
Jeremy C. Stein,Associate Editors,2010,2011,
Edward O’Donoghue,Associate Editors,2011,2023,
Jeremy C. Stein,Board Of Editors,2012,2012,
Erik Hurst,Associate Editors,2012,2014,
Robert Jensen,Associate Editors,2012,2018,
Erzo F. P. Luttmer,Associate Editors,2012,2019,
Hans-Joachim Voth,Associate Editors,2012,2021,
Nicholas Bloom,Associate Editors,2013,2023,
Lasse Pedersen,Associate Editors,2013,2017,
Amir Suﬁ,Associate Editors,2013,2016,
Pol Antràs,Board Of Editors,2015,2020,
Dave Donaldson,Associate Editors,2015,2018,
Pascaline Dupas,Associate Editors,2015,2021,
Armin Falk,Associate Editors,2015,2019,
Xavier Gabaix,Associate Editors,2015,2023,
Seema Jayachandran,Associate Editors,2015,2020,
Emi Nakamura,Associate Editors,2015,2017,
Brent Neiman,Associate Editors,2015,2022,
Matthew Notowidigdo,Associate Editors,2015,2023,
Emily Oster,Associate Editors,2015,2023,
Valerie Ramey,Associate Editors,2015,2023,
Ebonya Washington,Associate Editors,2015,2023,
Sylvain Chassang,Associate Editors,2016,2020,
Gerard Padró I Miquel,Associate Editors,2016,2022,
Amir Sufi,Associate Editors,2017,2021,
Nicholas Barberis,Associate Editors,2018,2023,
Matthew Gentzkow,Associate Editors,2018,2023,
Jon Steinsson,Associate Editors,2018,2019,
Tomasz Strzalecki,Associate Editors,2018,2023,
Thomas H. Baranga,Production Editor,2018,2023,
David Atkin,Associate Editors,2019,2023,
Stephen Redding,Associate Editors,2019,2023,
Jesse M. Shapiro,Associate Editors,2019,2023,
Stefanie Stantcheva,Associate Editors,2019,2019,
Journal Manager – Production,Associate Editors,2019,2019,
Thomas H. Baranga,Associate Editors,2019,2019,
Stefanie Stantcheva,Board Of Editors,2020,2023,
Nathan Nunn,Associate Editors,2020,2021,
Jón Steinsson,Associate Editors,2020,2023,
Silvana Tenreyro,Associate Editors,2020,2022,
John Van Reenen,Associate Editors,2020,2023,
Nathan Nunn,Board Of Editors,2021,2023,
Isaiah Andrews,Associate Editors,2021,2021,
Amanda Pallais,Associate Editors,2021,2023,
David Yanagizawa-Drott,Associate Editors,2021,2023,
Sule Alan,Associate Editors,2022,2023,
Sascha O. Becker,Associate Editors,2022,2023,
Frederico Finan,Associate Editors,2022,2023,
Loukas Karabarbounis,Associate Editors,2022,2023,
Alp Simsek,Associate Editors,2022,2023,
Florian Zimmermann,Associate Editors,2022,2023,
Ned Augenblick,Associate Editors,2023,2023,
David Baqaee,Associate Editors,2023,2023,
Natalie Bau,Associate Editors,2023,2023,
Peter Ganong,Associate Editors,2023,2023,
Trevon Logan,Associate Editors,2023,2023,
Reed Walker,Associate Editors,2023,2023,
