M. Arellano,Joint Managing Editors,1994,1998
M. Dewatripont,Joint Managing Editors,1994,1994
I. D. Jewitt,Joint Managing Editors,1994,1995
T. Borgers,Assistant Editors,1994,1994
C. Meghir,Assistant Editors,1994,1994
M. Meyer,Assistant Editors,1994,1995
J. A. Beath,Production Editor,1994,1996
R. Benabou,Foreign Editors,1994,1999
D. Diamond,Foreign Editors,1994,1996
D. Fudenberg,Foreign Editors,1994,1995
B. Honore,Foreign Editors,1994,1998
A. Hamlin,Business Manager,1994,1997
C. R. Bean,Editorial Board (Chairman),1994,1996
K. Abadir,Editorial Board,1994,2000
E. Van Damme,Editorial Board,1994,1995
A. Manning,Editorial Board,1994,1995
K. Schmidt,Editorial Board,1994,1995
P. Aghion,Editorial Board,1994,1996
J. Dow,Editorial Board,1994,1998
J. H. Moore,Editorial Board,1994,1996
R. J. Smith,Editorial Board,1994,1994
M. Armstrong,Editorial Board,1994,1995
C. Harris,Editorial Board,1994,1996
D. Quah,Editorial Board,1994,1998
J. Thomas,Editorial Board,1994,1996
G. Bertola,Editorial Board,1994,1999
M. J. Keen,Editorial Board,1994,1994
P. Rey,Editorial Board,1994,1998
J. Tirole,Editorial Board,1994,1996
P. Bolton,Editorial Board,1994,1995
P. Klemperer,Editorial Board,1994,1997
G. Ridder,Editorial Board,1994,1994
J. Vickers,Editorial Board,1994,1996
D. Canning,Editorial Board,1994,1998
B. Lockwood,Editorial Board,1994,1995
A. Roell,Editorial Board,1994,1996
P. Weil,Editorial Board,1994,1999
T. Borgers,Joint Managing Editors,1995,1995
O. Attanasio,Assistant Editors,1995,1997
M. Dewatripont,Editorial Board,1995,2000
C. Meghir,Editorial Board,1995,2000
E. Sentana,Editorial Board,1995,1998
H. Shin,Editorial Board,1995,1995
P. Bolton,Joint Managing Editors,1996,1996,1998,1999
H. S. Shin,Joint Managing Editors,1996,1999
M. Armstrong,Assistant Editors,1996,1999
K. Schmidt,Assistant Editors,1996,1999
J. Cochrane,Foreign Editors,1996,1998
G. Mailath,Foreign Editors,1996,2000
R. Porter,Foreign Editors,1996,2000
M. Meyer,Editorial Board,1996,2000
E. Von Thadden,Editorial Board,1996,2000
T. Besley,Editorial Board,1996,2000
I. Jewitt,Editorial Board,1996,1996
T. Borgers,Editorial Board,1996,2000
H. Uhlig,Editorial Board,1996,1997
G. D. Myles,Production Editor,1997,2000
S. Durlauf,Foreign Editors,1997,1999
I. D. Jewitt,Editorial Board (Chairman),1997,1999
G. Noldeke,Editorial Board,1997,2000
R. Rahmi,Editorial Board,1997,1997
J. Van Reenen,Editorial Board,1997,2000
D. Martimort,Editorial Board,1997,2000
M. Cripps,Editorial Board,1997,2000
N. Shephard,Editorial Board,1997,2000
H. Uhlig,Assistant Editors,1998,2000
I. Tonks,Business Manager,1998,2000
M. Coles,Editorial Board,1998,2000
0. Attanasio,Editorial Board,1998,1998
M. Piccione,Editorial Board,1998,1999
E. G. J. Luttmer,Editorial Board,1998,2000
R. Rahi,Editorial Board,1998,2000
0. Attanasio,Joint Managing Editors,1999,1999
E. Sentana,Assistant Editors,1999,2000
A. Banerji,Foreign Editors,1999,1999
G. Imbens,Foreign Editors,1999,2000
S. Morris,Foreign Editors,1999,2000
C. Prendagast,Foreign Editors,1999,1999
F. Cornelli,Editorial Board,1999,2000
M. Arellano,Editorial Board,1999,2000
J. Gali,Editorial Board,1999,2000
P. Jehiel,Editorial Board,1999,2000
J. Padilla,Editorial Board,1999,2000
M. Armstrong,Joint Managing Editors,2000,2000
O. Attanasio,Joint Managing Editors,2000,2000
J. Dow,Joint Managing Editors,2000,2000
M. Piccione,Assistant Editors,2000,2000
A. Banerjee,Foreign Editors,2000,2000
P. Bolton,Foreign Editors,2000,2000
C. Prendergast,Foreign Editors,2000,2000
J.-V. Rios Rull,Foreign Editors,2000,2000
H. S. Shin,Editorial Board (Chairman),2000,2000
J. Valimaki,Editorial Board,2000,2000
O. Linton,Editorial Board,2000,2000
S. Rady,Editorial Board,2000,2000
G. Violante,Editorial Board,2000,2000
B. Salanie,Editorial Board,2000,2000
Mark Armstrong,Joint Managing Editors,Nuffield College, Oxford,2001,2003
Orazio Attanasio,Joint Managing Editors,University College London,2001,2002
James Dow,Joint Managing Editors,London Business School,2001,2003
Michele Piccione,Assistant Editors,London School of Economics,2001,2002
Enrique Sentana,Assistant Editors,CEMFI, Spain,2001,2002
Harald Uhlig,Assistant Editors,Humboldt University of Berlin,2001,2002
Gareth Myles,Production Editor,University of Exeter,2001,2002
Ian Tonks,Business Manager,University of Bristol,2001,2002
Abhijit Banerjee,Foreign Editors,Massachusetts Institute of Technology,2001,2004
Stephen Morris,Foreign Editors,Yale University,2001,2004
Robert Porter,Foreign Editors,Northwestern University,2001,2001
Patrick Bolton,Foreign Editors,Princeton University,2001,2002
Canice Prendergast,Foreign Editors,University of Chicago,2001,2001
Guido Imbens,Foreign Editors,University of California, Los Angeles,2001,2001
Jose-Victor Rios Rull,Foreign Editors,University of Pennsylvania,2001,2001
George Mailath,Foreign Editors,University of Pennsylvania,2001,2004
Hyun Song Shin (Chairman),Editorial Board,London School of Economics,2001,2003
Karim Abadir,Editorial Board,University of York,2001,2001
Abhinay Muthoo,Editorial Board,University of Essex,2001,2008
Manuel Arellano,Editorial Board,CEMFI, Spain,2001,2002
Georg Noldeke,Editorial Board,University of Bonn,2001,2001
Timothy Besley,Editorial Board,London School of Economics,2001,2004
Jorge Padilla,Editorial Board,CEMFI, Spain,2001,2001
Bruno Biais,Editorial Board,University of Toulouse,2001,2006
Sven Rady,Editorial Board,University of Munich,2001,2007
Tilman Borgers,Editorial Board,University College London,2001,2001
Rohit Rahi,Editorial Board,London School of Economics,2001,2003,2005,2005
Melvyn Coles,Editorial Board,University of Essex,2001,2006
John Van Reenen,Editorial Board,University College London,2001,2002
Francesca Cornelli,Editorial Board,London Business School,2001,2007
Bernard Salanie,Editorial Board,ENSAE, France,2001,2001
Martin Cripps,Editorial Board,University of Washington in St. Louis,2001,2001
Klaus Schmidt,Editorial Board,University of Munich,2001,2002
Hidehiko Ichimura,Editorial Board,University College London,2001,2002
Neil Shephard,Editorial Board,Nuffield College, Oxford,2001,2005
Phillipe Jehiel,Editorial Board,University College London,2001,2001
Ernst-Ludwig Von Thadden,Editorial Board,University of Lausanne,2001,2001
Gilat Levy,Editorial Board,London School of Economics,2001,2009
Oliver Linton,Editorial Board,London School of Economics,2001,2002
Juuso Valimaki,Editorial Board,University of Southampton,2001,2002
Thomas Mariotti,Editorial Board,London School of Economics,2001,2006
Giovanni Luca Violante,Editorial Board,University College London,2001,2001
David Martimort,Editorial Board,University of Toulouse,2001,2002
Giovanni L. Violante,Web Editor,University College London,2002,2002
Susan Athey,Foreign Editors,Stanford University,2002,2003
Jose-Victor Rios-Rull,Foreign Editors,University of Pennsylvania,2002,2002,2004,2005
Pinelopi Koujianou Goldberg,Foreign Editors,Yale University,2002,2007
Antonio Ciccone,Editorial Board,University Pompeu Fabra,2002,2002
Martin Cripps,Editorial Board,University of Washington in St Louis,2002,2002
Dennis Gromb,Editorial Board,London Business School,2002,2002
Phillippe Jehiel,Editorial Board,University College London,2002,2002
Anke Kessler,Editorial Board,University of Bonn,2002,2003
Marco Ottaviani,Editorial Board,London Business School,2002,2009
Andrea Prat,Editorial Board,London School of Economics,2002,2005,2010,2010
Bernard Salanit,Editorial Board,CREST, France,2002,2002
Fabrizio Ziliborri,Editorial Board,Stockholm University,2002,2002
Hidehiko Ichimura,Joint Managing Editors,University College London,2003,2003
Fabrizio Zilibotti,Joint Managing Editors,University College London,2003,2003
Ian Tonks,Secretary And Business Manager,University of Bristol,2003,2003
Martin Cripps,Foreign Editors,Washington University,2003,2006
Kiminori Matsuyama,Foreign Editors,Northwestern University,2003,2006
Gary B. Gorton,Foreign Editors,University of Pennsylvania,2003,2003,2005,2007
Jose-Victor Rios-Rull,Foreign Editors,University ofPennsylvania,2003,2003
Jerome Adda,Editorial Board,University College London,2003,2011
Manuel Arellano,Editorial Board,CEMFI,2003,2004
David Myatt,Editorial Board,St. Catherine's College, Oxford,2003,2006
Orazio Attanasio,Editorial Board,University College London,2003,2005
Martin Pesendorfer,Editorial Board,London School of Economics,2003,2011
Xiaohong Chen,Editorial Board,London School of Economics,2003,2003
Antonio Ciccone,Editorial Board,Universitat Pompeu Fabra,2003,2008
Bernard Salanie,Editorial Board,CREST,2003,2003
Enrique Sentana,Editorial Board,CEMFI,2003,2007
Maitreesh Ghatak,Editorial Board,London School of Economics,2003,2003,2007,2009,2011,2011
Rachel Griffith,Editorial Board,Institute for Fiscal Studies and University College London,2003,2010
Denis Gromb,Editorial Board,London Business School,2003,2004
Philippe Jehiel,Editorial Board,CERAS, Paris and University College London,2003,2004
Ran Spiegler,Editorial Board,Tel Aviv University,2003,2007
Kjetil Storesletten,Editorial Board,Stockholm University,2003,2003
Harald Uhlig,Editorial Board,Humboldt University of Berlin,2003,2006
Juuso Valimaki,Editorial Board,Helsinki School of Economics and University of Southampton,2003,2003,2007,2008
Gianluca Violante,Editorial Board,University College London,2003,2003
Oliver B. Linton,Editorial Board,London School of Economics,2003,2003,2005,2006
Maitreesh Ghatak,Joint Managing Editors,London School of Economics,2004,2006
Bernard Salanie,Joint Managing Editors,CREST-LEI and CNRS,2004,2005
Juuso Valimaki,Joint Managing Editors,Helsinki School of Economics and University of Southampton,2004,2006
Fabrizio Zilibotti,Joint Managing Editors,lIES, Stockholm University and University College London,2004,2004
Christopher Wallace,Secretary And Business Manager,Trinity College, Oxford,2004,2008,2010,2010
Gary B. Gorton,Foreign Editors,University ofPennsylvania,2004,2004
Mark Armstrong (Chairman),Editorial Board,University College London,2004,2010
Bent Nielsen,Editorial Board,Nuffield College, Oxford,2004,2008,2010,2010
Xiaohong Chen,Editorial Board,New York University,2004,2004
Rohit Rahi,Editorial Board,Lorndon School of Economics,2004,2004
Erik Eyster,Editorial Board,London School of Economics,2004,2009
Hyun Song Shin,Editorial Board,London School of Economics,2004,2006
John Hassler,Editorial Board,IIES, Stockholm University,2004,2004,2007,2008,2010,2011
Oliver B. Linton,Editorial Board,London School qf Economics,2004,2004
Kjetil Storesletten,Editorial Board,University of Oslo, IIES, Stockholm University and CEPR,2004,2006
Jaume Ventura,Editorial Board,CREI, Universitat Pompeu Fabra,2004,2005
Gianluca Violante,Editorial Board,New York University and University College London,2004,2004
Fabrizio Zilibotti,Joint Managing Editors,IIES, Stockholm University,2005,2006
Dirk Bergemann,Foreign Editors,Yale University,2005,2010
Debraj Ray,Foreign Editors,New York University,2005,2010
Per Krusell,Foreign Editors,Princeton University,2005,2010
Jaap Abbring,Editorial Board,Free University, Amsterdam,2005,2007
V. Bhaskar,Editorial Board,Essex University,2005,2005
Valentina Corradi,Editorial Board,Queen Mary University of London,2005,2006
John Hassler,Editorial Board,lIES, Stockholm University,2005,2005
Steffen Huck,Editorial Board,University College London,2005,2013
Dimitri Vayanos,Editorial Board,London School of Economics,2005,2011,2016,2020
Georg Weizsx.Cker,Editorial Board,London School of Economics,2005,2005
Andrea Prat,Joint Managing Editors,London School of Economics,2006,2006,2009,2009
Bernard Salanie,Joint Managing Editors,Columbia University,2006,2007
Donald Andrews,Foreign Editors,Yale University,2006,2011
Narayana Kocherlakota,Foreign Editors,University of Minnesota,2006,2006
V. Bhaskar,Editorial Board,University College London,2006,2010
Francesco Caselli,Editorial Board,London School of Economics,2006,2010,2015,2017
John Hassler,Editorial Board,IHES, Stockholm University,2006,2006
Christian Julliard,Editorial Board,London School of Economics,2006,2009
Georg Weizsacker,Editorial Board,London School of Economics,2006,2009
Bruno Biais,Joint Managing Editors,University of Toulouse,2007,2010
Andrea Prat,Joint Managing Editors,London School of Economic,2007,2007
Kjetil Storesletten,Joint Managing Editors,University of Oslo, lIES, Stockholm University and CEPR,2007,2007
Kiminori Matsuyama,Foreign Editors,Northwestern Universit,2007,2008
Narayana R. Kocherlakota,Foreign Editors,University of Minnesota,2007,2009
Muhamet Yildiz,Foreign Editors,Massachusetts Institute of Technology,2007,2012
Simon Lee,Editorial Board,University College London,2007,2011
Thomas Mariotti,Editorial Board,University of Toulouse,2007,2009
Antoni Calvo-Armengol,Editorial Board,Universitat Autonoma de Barcelona,2007,2007
David Myatt,Editorial Board,University of Oxford,2007,2008,2010,2011
Valentina Corradi,Editorial Board,University of Warwick,2007,2013
Imran Rasul,Editorial Board,University College London,2007,2008,2014,2018
Luis Garicano,Editorial Board,London School of Economics,2007,2011
Silvana Tenreyro,Editorial Board,London School of Economics,2007,2017
Dirk Krueger,Editorial Board,JHW University, Frankfurt,2007,2007
Fabrizio Zilibotti,Editorial Board,University of Zurich,2007,2014
Andrea Prat,Joint Managing Editors,London School of Econom,2008,2008
Enrique Sentana,Joint Managing Editors,CEMFI,2008,2011
Kjetil Storesletten,Joint Managing Editors,University of Oslo,2008,2010
Marc Melitz,Foreign Editors,Princeton University,2008,2013
Aviv Nevo,Foreign Editors,Northwestern University,2008,2013
Burton Hollifield,Foreign Editors,Carnegie Mellon University,2008,2013
David S. Lee,Foreign Editors,Princeton University,2008,2008
Jaap Abbring,Editorial Board,VU University Amsterdam,2008,2008,2010,2010
Amil Dasgupta,Editorial Board,London School of Economics,2008,2015
Helene Rey,Editorial Board,London Business School,2008,2009
Bernard Salanit,Editorial Board,Columbia University,2008,2008
Ran Spiegler,Editorial Board,University College London,2008,2010
Felix Kubler,Editorial Board,University of Pennsylvania,2008,2008
Imran Rasul,Joint Managing Editors,University College London,2009,2013
Christopher Wallace,Secretary And Business Manager,Oxford University,2009,2009
Marco Battaglini,Foreign Editors,Princeton University,2009,2014
David S Lee,Foreign Editors,Princeton University,2009,2010
Jonathan Levin,Foreign Editors,Stanford University,2009,2011
Matthias Doepke,Foreign Editors,Northwestern University,2009,2014
Ray Fisman,Foreign Editors,Columbia University,2009,2014
Martin Schneider,Foreign Editors,Stanford University,2009,2011
Ilan Kremer,Foreign Editors,Stanford University,2009,2010,2013,2014
Jaap Abbring,Editorial Board,Tilburg University,2009,2009,2011,2012
Abhinay Muthoo,Editorial Board,University of Warwick,2009,2009
Antonio Ciccone,Editorial Board,CREI, Universitat Pompeu Fabra,2009,2009
David Myatt,Editorial Board,Oxford University,2009,2009
Bent Nielsen,Editorial Board,Oxford University,2009,2009
Guillaume Plantin,Editorial Board,London Business School,2009,2010
Gino Gancia,Editorial Board,CREI, Universitat Pompeu Fabra,2009,2009,2014,2015
Bernard Salani?,Editorial Board,Columbia University,2009,2009
Balazs Szentes,Editorial Board,University College London,2009,2010
John Hassler,Editorial Board,HES, Stockholm University,2009,2009
Marko Tervio,Editorial Board,Helsinki School of Economics,2009,2009
Juuso Valimaki,Editorial Board,Helsinki School of Economics,2009,2009
Felix Kubler,Editorial Board,University of Zurich,2009,2009
Marco Ottaviani,Joint Managing Editors,London Business School,2010,2010
Andrea Galeotti,Editorial Board,Essex University,2010,2010
Hélène Rey,Editorial Board,London Business School,2010,2015
Gino Gancia,Editorial Board,CREI, Universität Pompeu Fabra,2010,2010,2016,2016
Bernard S Alanié,Editorial Board,Columbia University,2010,2010
Alex Gershkov,Editorial Board,Hebrew University of Jerusalem,2010,2017
Mattreesh Ghatak,Editorial Board,London School of Economics,2010,2010
Marko Terviq,Editorial Board,Helsinki School of Economics,2010,2010
Juuso Välimäki,Editorial Board,Helsinki School of Economics and University of Southampton,2010,2010
Christian Hellwig,Editorial Board,University California, Los Angeles,2010,2010
Frederic Vermeulen,Editorial Board,Tilburg University,2010,2012
Georg Weizsäcker,Editorial Board,London School of Economics,2010,2011
Philipp Kircher,Editorial Board,Oxford University,2010,2010
Felix Kübler,Editorial Board,University of Pennsylvania,2010,2010
Francesco Caselli,Joint Managing Editors,London School of Economics,2011,2014
Philipp Kircher,Joint Managing Editors,University of Oxford,2011,2011
Marco Ottaviani,Joint Managing Editors,Northwestern University,2011,2012
Annika Andreasson,Journal Manager,IIES, Stockholm University,2011,2013,2015,2018
Christopher Wallace,Secretary And Business Manager,University of Oxford,2011,2011
Andrew Atkeson,Foreign Editors,University of California, Los Angeles,2011,2016
Botond Köszegi,Foreign Editors,University of California, Berkley,2011,2012
Ilan Kremer,Foreign Editors,Stanford Univesity,2011,2012
David Lee,Foreign Editors,Princeton University,2011,2011
Guido Lorenzoni,Foreign Editors,Massachusetts Institute of Technology,2011,2013,2015,2016
Ilya Segal,Foreign Editors,Stanford University,2011,2016
Marciano Siniscalchi,Foreign Editors,Northwestern University,2011,2013,2015,2016
Pierre-Olivier Weill,Foreign Editors,University of California, Los Angeles,2011,2013,2015,2015
Andrea Prat (Chair),Editorial Board,London School of Economics,2011,2013
Mark Armstrong,Editorial Board,University College London,2011,2011
V Bhaskar,Editorial Board,University College London,2011,2013
Bruno Biais,Editorial Board,Toulouse University,2011,2012
Stéphane Bonhomme,Editorial Board,CEMFI,2011,2011
Andrea Galeotti,Editorial Board,University of Essex,2011,2017
Gino Gancia,Editorial Board,CREI, UPF,2011,2013
Nicola Gennaioli,Editorial Board,CREI, UPF,2011,2013
Rachel Griffith,Editorial Board,Institute for Fiscal Studies,2011,2011
Christian Hellwig,Editorial Board,University of California,,2011,2011
Los Angeles/Toulouse University,Editorial Board,,2011,2011
Henrik Kleven,Editorial Board,London School of Economics,2011,2015
Felix Kübler,Editorial Board,University of Zurich,2011,2015
Gerard Padró Miquel,Editorial Board,London School of Economics,2011,2013,2015,2015
Bent Nielsen,Editorial Board,University of Oxford,2011,2012
Guillaume Plantin,Editorial Board,Toulouse University,2011,2014
Bernard Salanié,Editorial Board,Columbia University,2011,2011
Kjetil Storesletten,Editorial Board,University of Oslo,2011,2013
Balázs Szentes,Editorial Board,University College London,2011,2018
Michèle Tertilt,Editorial Board,University of Mannheim,2011,2013,2020,2021
Marko Terviö,Editorial Board,Aalto University,2011,2017
Juuso Välimäki,Editorial Board,Aalto University,2011,2012
Stéphane Bonhomme,Joint Managing Editors,CEMFI,2012,2014
Philipp Kircher,Joint Managing Editors,London School of Economics,2012,2012
Dimitri Vayanos,Joint Managing Editors,London School of Economics,2012,2013,2015,2015
Christopher Bowdler,Secretary And Business Manager,University of Oxford,2012,2017
Pol Antras,Foreign Editors,Harvard University,2012,2014
Peter Arcidiacono,Foreign Editors,Duke University,2012,2018
Ulrich Müller,Foreign Editors,Princeton University,2012,2017
Alessandro Pavan,Foreign Editors,Northwestern University,2012,2018
Alp Atakan,Editorial Board,Koc University,2012,2019
Nicola Fuchs-Schündeln,Editorial Board,Frankfurt University,2012,2013
Alfred Galichon,Editorial Board,École Polytechnique,2012,2015
Christian Hellwig,Editorial Board,University of California, Los Angeles/Toulouse University,2012,2012
Nagore Iriberri,Editorial Board,Universitat Pompeu Fabra,2012,2015
Miklós Koren,Editorial Board,Central European University,2012,2021
Áureo De Paula,Editorial Board,University College London,2012,2015,2020,2021
Philipp Schmidt-Dengler,Editorial Board,London School of Economics,2012,2012
Adam Szeidl,Editorial Board,Central European University,2012,2017,2022,2023
Fabian Waldinger,Editorial Board,Warwick University,2012,2013
Christopher Wallace,Editorial Board,University of Leicester,2012,2012
Georg Weizsäcker,Editorial Board,University College, London,2012,2012
Philipp Kircher,Joint Managing Editors,London School of Economics and University of Edinburgh,2013,2013
Marco Ottaviani,Joint Managing Editors,Bocconi University,2013,2013
V Bhaskar,Foreign Editors,University College London,2013,2013
Botond Köszegi,Foreign Editors,University of California, Berkeley,2013,2013
Bruno Strulovici,Foreign Editors,Northwestern University,2013,2015,2017,2019
Thomas Chaney,Editorial Board,Toulouse University,2013,2015
Bård Harstad,Editorial Board,University of Oslo,2013,2015,2017,2020
Christian Hellwig,Editorial Board,Toulouse University,,2013,2013
Keyu Jin,Editorial Board,London School of Economics,2013,2017
Peter Kondor,Editorial Board,Central European University,2013,2018
Denis Kristensen,Editorial Board,University College London,2013,2013
Alberto Martin,Editorial Board,CREI, UPF,2013,2013
Daniel Paravisini,Editorial Board,London School of Economics,2013,2020
Philipp Schmidt-Dengler,Editorial Board,University of Mannheim,2013,2015
Olivier Tercieux,Editorial Board,Paris School of Economics,2013,2020
Frederic Vermeulen,Editorial Board,University of Leuven,2013,2017
Georg Weizsäcker,Editorial Board,Humboldt University,2013,2016
Mirko Wiederholt,Editorial Board,Frankfurt University,2013,2013
Jerome Adda,Joint Managing Editors,European University Institute,2014,2014
Philipp Kircher,Joint Managing Editors,London School of Economics,,2014,2014
And University Of Edinburgh,Joint Managing Editors,,2014,2014
Botond Köszegi,Joint Managing Editors,Central European,2014,2014
University,Joint Managing Editors,,2014,2014
Michele Tertilt,Joint Managing Editors,University of Mannheim,2014,2015
Dimitri Vayanos,Joint Managing Editors,London School of,2014,2014
Economics,Joint Managing Editors,,2014,2014
Annika Andreasson,Joint Managing Editors,IIES, Stockholm University,2014,2014
Arnaud Costinot,Foreign Editors,Massachusetts Institute of,2014,2014
Technology,Foreign Editors,,2014,2014,2014,2014
Pascaline Dupas,Foreign Editors,Stanford University,2014,2019
Mikhail Golosov,Foreign Editors,Princeton University,2014,2017
Gita Gopinath,Foreign Editors,Harvard University,2014,2014
Bryan Graham,Foreign Editors,University of California, Berkeley,2014,2015
Guido Lorenzoni,Foreign Editors,Massachusetts Institute of,2014,2014
Marciano Siniscalchi,Foreign Editors,Northwestern,2014,2014
University,Foreign Editors,,2014,2014
Andrew Sweeting,Foreign Editors,Duke University,2014,2015
Stijn Van Nieuwerburgh,Foreign Editors,New York University,2014,2015
Pierre-Olivier Weill,Foreign Editors,University of California,,2014,2014
Los Angeles,Foreign Editors,,2014,2014
Kjetil Storesletten (Chair),Editorial Board,University of Oslo,2014,2017
Syngjoo Choi,Editorial Board,University College London,2014,2018
Mike Elsby,Editorial Board,University of Edinburgh,2014,2021
Nicola Fuchs-Schündeln,Editorial Board,Goethe University Frankfurt,2014,2020
Alessandro Gavazza,Editorial Board,London School of Economics,2014,2021
Nicola Gennaioli,Editorial Board,CREI, Universitat Pompeu Fabra,2014,2014
Marina Halac,Editorial Board,University of Warwick,2014,2018
Christian Hellwig,Editorial Board,Toulouse University,2014,2014
Dennis Kristensen,Editorial Board,University College London,2014,2020
Jeremy Lise,Editorial Board,University College London,2014,2018
Katrine Loken,Editorial Board,University of Bergen,2014,2021
Alberto Martin,Editorial Board,CREI, Universitat Pompeu Fabra,2014,2015,2017,2020
Guy Michaels,Editorial Board,London School of Economics,2014,2021
Gerard Padró Miquel,Editorial Board,London School of,2014,2014
Economics,Editorial Board,,2014,2014
Fabian Waldinger,Editorial Board,University of Warwick,2014,2016,2018,2018
Mirko Wiederholt,Editorial Board,Goethe University Frankfurt,2014,2018
Jerome Adda,Joint Managing Editors,Bocconi University,2015,2015
Stéphane Bonhomme,Joint Managing Editors,University of Chicago,2015,2015
Gita Gopinath,Joint Managing Editors,Harvard University,2015,2015
Christian Hellwig,Joint Managing Editors,Toulouse University,2015,2015
Philipp Kircher,Joint Managing Editors,University of Edinburgh,2015,2015
Botond Köszegi,Joint Managing Editors,Central European University,2015,2015
Francesco Buera,Foreign Editors,University of California, Los Angeles,2015,2015
Arnaud Costinot,Foreign Editors,Massachusetts Institute of Technology,2015,2019
Dave Donaldson,Foreign Editors,Massachusetts Institute of Technology,2015,2015,2017,2018
Ebonya Washington,Foreign Editors,Yale University,2015,2020
Pierre Yared,Foreign Editors,Columbia University,2015,2015,2017,2020
Ian Martin,Editorial Board,London School of Economics,2015,2019
David Dorn,Editorial Board,University of Zurich,2015,2019
Elias Papaioannou,Editorial Board,London Business School,2015,2021
Guillaume Plantin,Editorial Board,Sciences Po University,2015,2015
Nicola Gennaioli,Editorial Board,Bocconi University,2015,2015,2022,2023
Uta Schoenberg,Editorial Board,University College London,2015,2016,2022,2023
Stephan Lauermann,Editorial Board,Bonn University,2015,2015,2017,2020
Jerome Adda,Managing Editors,Bocconi University,2016,2016
Botond Köszegi,Managing Editors,Central European University,2016,2016
Nicola Gennaioli,Managing Editors,Bocconi University,2016,2021
Áureo De Paula,Managing Editors,University College London,2016,2019
Gita Gopinath,Managing Editors,Harvard University,2016,2017
Michèle Tertilt,Managing Editors,University of Mannheim,2016,2017
Christian Hellwig,Managing Editors,Toulouse University,2016,2016
Andres Santos,Foreign Editors,University of California, San Diego,2016,2018
Francisco Buera,Foreign Editors,University of California, Los Angeles,2016,2018
Dave Donaldson,Foreign Editors,Massachusetts Institute of Technology B,2016,2016
Runo Strulovici,Foreign Editors,Northwestern University,2016,2016
Andrew Sweeting,Foreign Editors,University of Maryland,2016,2019
Pierre-Olivier Weill,Foreign Editors,University of California, Los An,2016,2016
Magne Mogstad,Foreign Editors,University of Chicago Pierre Yared, Columbia University,2016,2016
Stéphane Bonhomme,Editorial Board,University of Chicago,2016,2016
Kalina M Anova,Editorial Board,University of Oxford,2016,2016
Thomas Chaney,Editorial Board,University of Toulouse,2016,2018
Alberto Martin,Editorial Board,CREI, Universität Pompeu Fabra,2016,2016
Nicolas Coeurdacier,Editorial Board,Sciences Po,2016,2020
Gerard Padró I Miquel,Editorial Board,London School of Economics,2016,2018
Maria Petrova,Editorial Board,Universität Pompeu FabrA,2016,2016
Alfred Galichon,Editorial Board,Sciences Po,2016,2016
Guillaume Plantin,Editorial Board,University of Toulouse,2016,2016
Philipp Schmidt-Dengler,Editorial Board,University of Vienna,2016,2019
Jakub Steiner,Editorial Board,CERGE-EI,2016,2023
Rema Hanna,Editorial Board,University of Zurich,2016,2016
Bàrd Harstad,Editorial Board,University of Oslo,2016,2016
Xavier D'Haultfoeuille,Editorial Board,CREST-ENSAE,2016,2017
Nagore Iriberri,Editorial Board,Universität Pompeu Fabra,2016,2016
Philipp Kircher,Editorial Board,University of Edinburgh,2016,2017
Camille Landais,Editorial Board,London School of Economics,2016,2018
Jérome Adda,Managing Editors,Bocconi University,2017,2017
Christian Hellwig,Managing Editors,University of Toulouse,2017,2019
Botond Koszegi,Managing Editors,Central European University,2017,2017
Uta Schoenberg,Managing Editors,University College London,2017,2021
Manuel Amador,Foreign Editors,University of Minnesota,2017,2023
Emi Nakamura,Foreign Editors,Columbia University,2017,2017
Sylvain Chassang,Foreign Editors,New York University,2017,2020
Giorgio Primiceri,Foreign Editors,Northwestern University,2017,2018
Johannes Stroebel,Foreign Editors,New York University,2017,2023
Navin Kartik,Foreign Editors,Columbia University,2017,2023
Patrick Kline,Foreign Editors,University of California, Berkeley,2017,2023
Magne Mogstad,Foreign Editors,University of Chicago,2017,2018
Johannes Abeler,Editorial Board,Oxford University,2017,2020
Davide Cantoni,Editorial Board,Ludwig-Maximilian University,2017,2020
Kalina Manova,Editorial Board,University of Oxford,2017,2018
Kurt Mitman,Editorial Board,IIES, Stockholm University,2017,2019
Annika Andreasson,Editorial Board,IIES, Stockholm University,2017,2017
Maria Petrova,Editorial Board,Universitat Pompeu Fabra,2017,2017
Giacomo Ponzetto,Editorial Board,CREI, Universitat Pompeu Fabra,2017,2023
Nagore Iriberri,Editorial Board,University of the Basque Country, Universitat Pompeu Fabra,2017,2017
Fabian Waldinger,Editorial Board,London School of Economics,2017,2017
Veronica Guerrieri,Managing Editors,University of Chicago,2018,2021
Dirk Krueger,Managing Editors,University of Pennsylvania,2018,2020
Adam Szeidl,Managing Editors,Central European University,2018,2021
Catherine M. Thomas,Secretary And Business Manager,London School of Economics,2018,2021
Guillermo Ordonez,Foreign Editors,University of Pennsylvania,2018,2023
Melissa Dell,Foreign Editors,Harvard University,2018,2019,2021,2022
Stefanie Stantcheva,Foreign Editors,Harvard University,2018,2020
Jon Steinsson,Foreign Editors,Columbia University,2018,2018
Chao Fu,Foreign Editors,Univerisity of Wisconsin at Madison,2018,2023
Peter Hansen,Foreign Editors,University of North Carolina,2018,2020
Philipp Kircher (Chair),Editorial Board,European University Institute and University of Edinburgh,2018,2020
Ruben Enikolopov,Editorial Board,Universitat Pompeu Fabra and New Economic School,2018,2023
Jeanne Hagenbach,Editorial Board,Sciences Po,2018,2023
Xavier D’Haultfoeuille,Editorial Board,CREST,2018,2023
Nagore Iriberri,Editorial Board,University of the Basque Country, EHU-UPV,2018,2021
Toru Kitagawa,Editorial Board,University College London,2018,2023
Monica Martinez-Bravo,Editorial Board,CEMFI,2018,2021
Filip Matejka,Editorial Board,CERGE-EI,2018,2023
Andreas Moxnes,Editorial Board,University of Oslo,2018,2023
Martin Oehmke,Editorial Board,London School of Economics,2018,2023
Maria Petrova,Editorial Board,IPEG Barcelona,2018,2021
Edouard Schaal,Editorial Board,CREI, Universitat Pompeu Fabra,2018,2023
Florian Scheuer,Editorial Board,University of Zurich,2018,2023
Michele Tertilt,Editorial Board,University of Mannheim,2018,2019
Takuro Yamashita,Editorial Board,University of Toulouse,2018,2020
Andrea Galeotti,Managing Editors,London Business School,2019,2021
Ann Law,Journal Manager,London School of Economics,2019,2023
Francesca Molinari,Foreign Editors,Cornell University,2019,2019
Francisco Buera,Foreign Editors,Washington University in St. Louis,2019,2020
Andres Santos,Foreign Editors,University of California, Los Angeles,2019,2021
Jon Steinsson,Foreign Editors,University of California, Berkeley,2019,2022
Marina Halac,Foreign Editors,Yale University,2019,2021
Alexander Wolitzky,Foreign Editors,MIT,2019,2023
Thomas Chaney,Editorial Board,Sciences Po,2019,2019
Francesco Decarolis,Editorial Board,Bocconi University,2019,2023
Swati Dhingra,Editorial Board,London School of Economics,2019,2023
Peter Kondor,Editorial Board,London School of Economics,2019,2020
Kalina Manova,Editorial Board,University College London,2019,2023
Eduardo Perez-Richet,Editorial Board,Sciences Po,2019,2023
Christoph Rothe,Editorial Board,University of Mannheim,2019,2023
Johannes Spinnewijn,Editorial Board,London School of Economics,2019,2023
Vincent Sterk,Editorial Board,University College London,2019,2023
Fabian Waldinger,Editorial Board,University of Munich,2019,2021
Mirko Wiederholt,Editorial Board,Sciences Po,2019,2021
Noam Yuchtman,Editorial Board,London School of Economics,2019,2022
Thomas Chaney,Managing Editors,Sciences Po,2020,2021
Kurt Mitman,Managing Editors,IIES, Stockholm University,2020,2021
Francesca Molinari,Managing Editors,Cornell University,2020,2021
Mar Reguant,Foreign Editors,Northwestern University,2020,2021
Joshua Schwartzstein,Foreign Editors,Harvard Business School,2020,2023
Melissa Dell,Foreign Editors,Harvard Universit,2020,2020
Timo Boppart,Editorial Board,IIES, Stockholm University,2020,2023
Christian Hellwig,Editorial Board,University of Toulouse,2020,2020
Xavier Jaravel,Editorial Board,London School of Economics,2020,2023
Terri Kneeland,Editorial Board,University College London,2020,2023
Attila Lindner,Editorial Board,University College London,2020,2023
Joan Llull,Editorial Board,Universitat Autònoma de Barcelona,2020,2023
Benjamin Moll,Editorial Board,London School of Economics,2020,2023
Antonio Penta,Editorial Board,Universitat Pompeu Fabra,2020,2023
Martin Weidner,Editorial Board,University College London,2020,2021
David Yanagizawa-Drott,Editorial Board,University of Zurich,2020,2023
Anna Mikusheva,Foreign Editors,MIT,2021,2023
Myrto Kalouptsidi,Foreign Editors,Harvard University,2021,2021,2023,2023
Fuhito Kojima,Foreign Editors,University of Tokyo,2021,2023
Nicola Fuchs-Schündeln (Chair),Editorial Board,Goethe University Frankfurt,2021,2021
Johannes Abeler,Editorial Board,University of Oxford,2021,2023
Abi Adams-Prassl,Editorial Board,University of Oxford,2021,2023
Pedro Bordalo,Editorial Board,Saïd Business School, University of Oxford,2021,2021
Gharad Bryan,Editorial Board,London School of Economics,2021,2023
Konrad Burchardi,Editorial Board,IIES, Stockholm University,2021,2023
Michael Callen,Editorial Board,London School of Economics,2021,2023
Davide Cantoni,Editorial Board,Ludwig-Maximilians-Universität München,2021,2023
Matthew Elliott,Editorial Board,University of Cambridge,2021,2023
Luca Fornaro,Editorial Board,CREI, Universitat Pompeu Fabra,2021,2023
Joachim Freyberger,Editorial Board,University of Bonn,2021,2023
Daniel Garrett,Editorial Board,Toulouse School of Economics,2021,2023
Christian Hellwig,Editorial Board,Toulouse School of Economics,2021,2021
Nir Jaimovich,Editorial Board,University of Zurich,2021,2021
Stephan Lauermann,Editorial Board,University of Bonn,2021,2021,2023,2023
Thomas Le Barbanchon,Editorial Board,Bocconi University,2021,2023
Victoria Vanasco,Editorial Board,CREI,2021,2023
Takuro Yamashita,Editorial Board,Toulouse School of Economics,2021,2021
Shengxing Zhang,Editorial Board,London School of Economics,2021,2023
Chairman,Editorial Committee,,2022,2023
Nicola Fuchs-Schündeln,Editorial Committee,Goethe University Frankfurt,2022,2023
Thomas Chaney,Joint Managing Editors,Sciences Po,2022,2022
Andrea Galeotti,Joint Managing Editors,London Business School,2022,2023
Bård Harstad,Joint Managing Editors,University of Oslo,2022,2023
Nir Jaim Ovich,Joint Managing Editors,University of Zurich,2022,2022
Katrine Loken,Joint Managing Editors,Norwegian School of Economics,2022,2023
Kurt Mitm An,Joint Managing Editors,IIES, Stockholm University,2022,2022
Francesca Molinari,Joint Managing Editors,Cornell University,2022,2022
Miklos Koren,Data Editor,Central European University,2022,2023
Gregory Thwaites,Secretary And Business Manager,Nottingham University,2022,2023
Board Of Directors,Secretary And Business Manager,,2022,2023
Mike Elsby,Secretary And Business Manager,University of Edinburgh,2022,2023
Maria Petrova,Secretary And Business Manager,IPEG Barcelona,2022,2023
Monica Martinez-Bravo,Secretary And Business Manager,CEMFI,2022,2023
Michèle Tertilt,Secretary And Business Manager,University of Mannheim,2022,2023
Áureo De Paula,Secretary And Business Manager,University College London,2022,2023
Fabian Waldinger,Secretary And Business Manager,University of Munich,2022,2023
Emily Breza,Foreign Editors,Harvard University,2022,2023
Myrto Kaloup Tsidi,Foreign Editors,Harvard University,2022,2022
Mikkel Plagborg-Moller,Foreign Editors,Princeton University,2022,2023
Teodora Boneva,Editorial Board,University of Bonn,2022,2023
Jan De Loecker,Editorial Board,KU Leuven,2022,2023
Step Han Lauerm Ann,Editorial Board,University of Bonn,2022,2022
Pia Pinger,Editorial Board,University of Cologne,2022,2023
Mar Reguant,Editorial Board,Northwestern University,2022,2023
Federica Romei,Editorial Board,University of Oxford,2022,2023
Martin Weidner,Editorial Board,University of Oxford,2022,2023
Takuro Yam Ashita,Editorial Board,Toulouse School of Economics,2022,2022
Florian Zimmerman,Editorial Board,briq and University of Bonn,2022,2023
Thomas Chaney,Joint Managing Editors,University of Southern California and Sciences Po,2023,2023
Nir Jaimovich,Joint Managing Editors,University of California, San Diego,2023,2023
Kurt Mitman,Joint Managing Editors,IIES, Stockholm University,2023,2023
Francesca Molinar I,Joint Managing Editors,Cornell University,2023,2023
Elias Papaioannou,Joint Managing Editors,London Business School,2023,2023
Noam Yuchtman,Joint Managing Editors,London School of Economics,2023,2023
Matteo Maggiori,Foreign Editors,Stanford Graduate School of Business,2023,2023
Juliane Begenau,Foreign Editors,Stanford Graduate School of Business,2023,2023
Gabriel Chodorow-Reich,Foreign Editors,Harvard University,2023,2023
Joseph Vavra,Foreign Editors,University of Chicago, Booth School of Business,2023,2023
Takuro Yamashita,Foreign Editors,Osaka University,2023,2023
